상호명,시도명,시군구명
스타벅스,강원도,강릉시
이디야,강원도,원주시
스타벅스,강원도,춘천시
이디야,강원도,춘천시
스타벅스,강원도,춘천시
이디야,강원도,원주시
스타벅스,강원도,속초시
스타벅스,강원도,원주시
스타벅스,강원도,춘천시
빽다방,강원도,춘천시
이디야,강원도,강릉시
이디야,강원도,속초시
이디야,강원도,강릉시
이디야,강원도,강릉시
스타벅스,강원도,춘천시
이디야,강원도,강릉시
이디야,강원도,정선군
이디야,강원도,평창군
이디야,강원도,춘천시
이디야,강원도,춘천시
빽다방,강원도,동해시
스타벅스,강원도,속초시
스타벅스,강원도,원주시
스타벅스,강원도,강릉시
빽다방,강원도,원주시
이디야,강원도,철원군
이디야,강원도,화천군
이디야,강원도,원주시
스타벅스,강원도,원주시
이디야,강원도,강릉시
이디야,강원도,강릉시
이디야,강원도,홍천군
이디야,강원도,원주시
이디야,강원도,속초시
스타벅스,강원도,인제군
스타벅스,강원도,평창군
스타벅스,강원도,평창군
이디야,강원도,양구군
이디야,강원도,삼척시
스타벅스,강원도,원주시
이디야,강원도,인제군
스타벅스,강원도,원주시
이디야,강원도,양양군
이디야,강원도,원주시
빽다방,강원도,삼척시
이디야,강원도,춘천시
스타벅스,강원도,춘천시
이디야,강원도,동해시
이디야,강원도,춘천시
이디야,강원도,원주시
이디야,강원도,춘천시
이디야,강원도,원주시
스타벅스,강원도,평창군
이디야,강원도,속초시
이디야,강원도,춘천시
이디야,강원도,속초시
이디야,강원도,영월군
이디야,강원도,양양군
이디야,강원도,강릉시
이디야,강원도,철원군
이디야,강원도,춘천시
빽다방,강원도,홍천군
커피빈,강원도,동해시
이디야,강원도,원주시
이디야,강원도,속초시
이디야,강원도,삼척시
스타벅스,강원도,춘천시
이디야,강원도,속초시
이디야,강원도,강릉시
이디야,강원도,원주시
이디야,강원도,춘천시
스타벅스,강원도,원주시
이디야,강원도,원주시
이디야,강원도,춘천시
스타벅스,강원도,춘천시
이디야,강원도,춘천시
커피빈,강원도,원주시
스타벅스,강원도,강릉시
이디야,강원도,원주시
이디야,강원도,강릉시
이디야,강원도,홍천군
이디야,강원도,춘천시
이디야,강원도,홍천군
이디야,강원도,인제군
스타벅스,강원도,동해시
스타벅스,강원도,인제군
빽다방,강원도,원주시
스타벅스,강원도,홍천군
스타벅스,강원도,춘천시
이디야,강원도,춘천시
스타벅스,강원도,원주시
이디야,강원도,원주시
스타벅스,강원도,원주시
이디야,강원도,춘천시
이디야,강원도,춘천시
이디야,강원도,강릉시
이디야,강원도,속초시
이디야,강원도,태백시
이디야,강원도,춘천시
이디야,강원도,춘천시
이디야,강원도,춘천시
이디야,강원도,평창군
이디야,강원도,속초시
빽다방,강원도,원주시
이디야,강원도,춘천시
빽다방,강원도,춘천시
빽다방,강원도,강릉시
이디야,강원도,강릉시
이디야,강원도,춘천시
이디야,강원도,강릉시
이디야,강원도,춘천시
스타벅스,강원도,속초시
이디야,강원도,삼척시
이디야,강원도,춘천시
스타벅스,강원도,춘천시
이디야,강원도,횡성군
이디야,강원도,춘천시
스타벅스,강원도,속초시
이디야,강원도,원주시
이디야,강원도,강릉시
이디야,강원도,강릉시
빽다방,강원도,강릉시
스타벅스,강원도,홍천군
스타벅스,강원도,강릉시
이디야,강원도,삼척시
빽다방,강원도,화천군
스타벅스,강원도,횡성군
이디야,강원도,인제군
이디야,강원도,춘천시
스타벅스,강원도,고성군
이디야,강원도,춘천시
이디야,강원도,춘천시
이디야,강원도,원주시
이디야,강원도,강릉시
이디야,강원도,속초시
이디야,강원도,원주시
빽다방,강원도,춘천시
빽다방,강원도,화천군
빽다방,강원도,태백시
이디야,강원도,강릉시
이디야,강원도,강릉시
이디야,강원도,삼척시
이디야,강원도,춘천시
이디야,경기도,이천시
이디야,경기도,수원시 장안구
빽다방,경기도,화성시
이디야,경기도,용인시 수지구
이디야,경기도,고양시 덕양구
스타벅스,경기도,성남시 분당구
이디야,경기도,성남시 분당구
빽다방,경기도,군포시
이디야,경기도,고양시 일산동구
이디야,경기도,김포시
이디야,경기도,파주시
이디야,경기도,남양주시
스타벅스,경기도,성남시 분당구
이디야,경기도,오산시
이디야,경기도,파주시
스타벅스,경기도,성남시 분당구
스타벅스,경기도,용인시 기흥구
스타벅스,경기도,성남시 분당구
이디야,경기도,부천시
이디야,경기도,고양시 일산서구
스타벅스,경기도,화성시
스타벅스,경기도,수원시 팔달구
커피빈,경기도,수원시 장안구
스타벅스,경기도,고양시 일산동구
빽다방,경기도,화성시
스타벅스,경기도,성남시 분당구
스타벅스,경기도,김포시
이디야,경기도,고양시 덕양구
이디야,경기도,고양시 일산서구
빽다방,경기도,안양시 만안구
스타벅스,경기도,수원시 영통구
커피빈,경기도,김포시
스타벅스,경기도,파주시
스타벅스,경기도,성남시 분당구
이디야,경기도,성남시 분당구
이디야,경기도,안양시 동안구
이디야,경기도,평택시
스타벅스,경기도,광명시
이디야,경기도,구리시
이디야,경기도,부천시
이디야,경기도,남양주시
이디야,경기도,양주시
스타벅스,경기도,이천시
이디야,경기도,의정부시
빽다방,경기도,의왕시
이디야,경기도,수원시 영통구
이디야,경기도,화성시
이디야,경기도,이천시
이디야,경기도,양주시
빽다방,경기도,남양주시
커피빈,경기도,부천시
이디야,경기도,광명시
빽다방,경기도,김포시
빽다방,경기도,부천시
이디야,경기도,용인시 기흥구
이디야,경기도,고양시 일산동구
스타벅스,경기도,수원시 영통구
커피빈,경기도,부천시
스타벅스,경기도,화성시
스타벅스,경기도,부천시
이디야,경기도,남양주시
스타벅스,경기도,안산시 단원구
스타벅스,경기도,파주시
이디야,경기도,광주시
스타벅스,경기도,고양시 일산서구
스타벅스,경기도,성남시 분당구
빽다방,경기도,부천시
빽다방,경기도,성남시 분당구
스타벅스,경기도,안산시 상록구
이디야,경기도,안양시 동안구
빽다방,경기도,성남시 중원구
이디야,경기도,양주시
이디야,경기도,수원시 권선구
스타벅스,경기도,부천시
빽다방,경기도,화성시
스타벅스,경기도,군포시
스타벅스,경기도,용인시 기흥구
스타벅스,경기도,수원시 팔달구
스타벅스,경기도,광명시
커피빈,경기도,용인시 기흥구
이디야,경기도,양주시
스타벅스,경기도,안산시 단원구
스타벅스,경기도,안산시 상록구
이디야,경기도,수원시 영통구
스타벅스,경기도,성남시 분당구
빽다방,경기도,파주시
스타벅스,경기도,포천시
스타벅스,경기도,고양시 일산동구
스타벅스,경기도,평택시
빽다방,경기도,안양시 동안구
스타벅스,경기도,부천시
커피빈,경기도,화성시
스타벅스,경기도,안산시 단원구
이디야,경기도,용인시 기흥구
이디야,경기도,수원시 영통구
스타벅스,경기도,의정부시
이디야,경기도,부천시
이디야,경기도,용인시 처인구
이디야,경기도,고양시 일산서구
이디야,경기도,구리시
커피빈,경기도,이천시
커피빈,경기도,성남시 분당구
스타벅스,경기도,남양주시
스타벅스,경기도,수원시 팔달구
이디야,경기도,남양주시
빽다방,경기도,수원시 팔달구
커피빈,경기도,용인시 수지구
이디야,경기도,고양시 덕양구
이디야,경기도,의왕시
스타벅스,경기도,고양시 일산동구
스타벅스,경기도,용인시 기흥구
이디야,경기도,용인시 수지구
이디야,경기도,남양주시
스타벅스,경기도,의정부시
이디야,경기도,평택시
이디야,경기도,안산시 상록구
이디야,경기도,수원시 팔달구
스타벅스,경기도,하남시
이디야,경기도,의정부시
빽다방,경기도,성남시 수정구
빽다방,경기도,안양시 동안구
스타벅스,경기도,의정부시
이디야,경기도,수원시 영통구
이디야,경기도,광명시
이디야,경기도,의정부시
이디야,경기도,안산시 상록구
이디야,경기도,안산시 단원구
스타벅스,경기도,용인시 기흥구
이디야,경기도,안산시 상록구
스타벅스,경기도,김포시
빽다방,경기도,성남시 분당구
이디야,경기도,시흥시
스타벅스,경기도,성남시 분당구
스타벅스,경기도,과천시
이디야,경기도,남양주시
스타벅스,경기도,이천시
스타벅스,경기도,고양시 덕양구
빽다방,경기도,수원시 영통구
빽다방,경기도,안산시 상록구
빽다방,경기도,용인시 수지구
이디야,경기도,안산시 단원구
빽다방,경기도,용인시 기흥구
스타벅스,경기도,이천시
커피빈,경기도,연천군
스타벅스,경기도,김포시
이디야,경기도,파주시
이디야,경기도,화성시
이디야,경기도,김포시
스타벅스,경기도,파주시
이디야,경기도,광명시
스타벅스,경기도,시흥시
이디야,경기도,화성시
이디야,경기도,안산시 상록구
커피빈,경기도,부천시
스타벅스,경기도,수원시 팔달구
이디야,경기도,하남시
커피빈,경기도,남양주시
이디야,경기도,부천시
이디야,경기도,부천시
이디야,경기도,광주시
이디야,경기도,용인시 수지구
스타벅스,경기도,광주시
이디야,경기도,포천시
이디야,경기도,김포시
이디야,경기도,고양시 덕양구
스타벅스,경기도,하남시
스타벅스,경기도,용인시 처인구
빽다방,경기도,김포시
이디야,경기도,하남시
빽다방,경기도,시흥시
빽다방,경기도,시흥시
스타벅스,경기도,이천시
이디야,경기도,의정부시
이디야,경기도,남양주시
스타벅스,경기도,고양시 덕양구
스타벅스,경기도,의왕시
이디야,경기도,파주시
스타벅스,경기도,화성시
이디야,경기도,의정부시
스타벅스,경기도,남양주시
스타벅스,경기도,남양주시
이디야,경기도,광주시
스타벅스,경기도,성남시 분당구
이디야,경기도,오산시
스타벅스,경기도,고양시 덕양구
이디야,경기도,안양시 동안구
스타벅스,경기도,오산시
스타벅스,경기도,김포시
빽다방,경기도,의정부시
스타벅스,경기도,안성시
커피빈,경기도,고양시 일산동구
스타벅스,경기도,수원시 영통구
이디야,경기도,하남시
스타벅스,경기도,양주시
스타벅스,경기도,안양시 만안구
커피빈,경기도,여주시
스타벅스,경기도,고양시 일산동구
이디야,경기도,용인시 처인구
빽다방,경기도,부천시
이디야,경기도,남양주시
이디야,경기도,하남시
스타벅스,경기도,화성시
이디야,경기도,고양시 일산동구
이디야,경기도,김포시
스타벅스,경기도,고양시 덕양구
스타벅스,경기도,김포시
이디야,경기도,안성시
이디야,경기도,용인시 기흥구
이디야,경기도,김포시
스타벅스,경기도,양평군
스타벅스,경기도,안양시 동안구
스타벅스,경기도,고양시 덕양구
스타벅스,경기도,수원시 장안구
빽다방,경기도,광주시
스타벅스,경기도,안양시 동안구
스타벅스,경기도,시흥시
이디야,경기도,시흥시
스타벅스,경기도,화성시
스타벅스,경기도,김포시
스타벅스,경기도,안성시
스타벅스,경기도,화성시
스타벅스,경기도,화성시
빽다방,경기도,파주시
이디야,경기도,용인시 처인구
이디야,경기도,안양시 만안구
빽다방,경기도,수원시 장안구
스타벅스,경기도,용인시 처인구
이디야,경기도,의정부시
이디야,경기도,안산시 상록구
이디야,경기도,화성시
스타벅스,경기도,광주시
스타벅스,경기도,의정부시
빽다방,경기도,수원시 장안구
빽다방,경기도,구리시
빽다방,경기도,광명시
스타벅스,경기도,의정부시
빽다방,경기도,고양시 일산동구
스타벅스,경기도,광주시
커피빈,경기도,김포시
이디야,경기도,안산시 단원구
이디야,경기도,군포시
이디야,경기도,시흥시
스타벅스,경기도,김포시
스타벅스,경기도,수원시 권선구
빽다방,경기도,평택시
빽다방,경기도,용인시 기흥구
스타벅스,경기도,평택시
스타벅스,경기도,안양시 만안구
이디야,경기도,파주시
이디야,경기도,고양시 일산동구
스타벅스,경기도,하남시
이디야,경기도,양주시
스타벅스,경기도,수원시 팔달구
스타벅스,경기도,시흥시
스타벅스,경기도,김포시
스타벅스,경기도,부천시
스타벅스,경기도,용인시 처인구
스타벅스,경기도,시흥시
스타벅스,경기도,평택시
스타벅스,경기도,하남시
스타벅스,경기도,성남시 중원구
스타벅스,경기도,양주시
이디야,경기도,성남시 수정구
스타벅스,경기도,광명시
스타벅스,경기도,남양주시
스타벅스,경기도,용인시 기흥구
이디야,경기도,안산시 단원구
이디야,경기도,광주시
이디야,경기도,평택시
스타벅스,경기도,부천시
스타벅스,경기도,남양주시
스타벅스,경기도,광명시
스타벅스,경기도,양주시
빽다방,경기도,김포시
이디야,경기도,수원시 영통구
스타벅스,경기도,동두천시
스타벅스,경기도,성남시 분당구
스타벅스,경기도,수원시 영통구
스타벅스,경기도,하남시
이디야,경기도,평택시
스타벅스,경기도,고양시 덕양구
이디야,경기도,안산시 상록구
이디야,경기도,시흥시
스타벅스,경기도,성남시 분당구
이디야,경기도,남양주시
빽다방,경기도,성남시 분당구
스타벅스,경기도,부천시
스타벅스,경기도,김포시
스타벅스,경기도,성남시 분당구
스타벅스,경기도,김포시
이디야,경기도,고양시 덕양구
이디야,경기도,부천시
커피빈,경기도,화성시
이디야,경기도,연천군
빽다방,경기도,성남시 수정구
스타벅스,경기도,용인시 수지구
빽다방,경기도,하남시
이디야,경기도,용인시 기흥구
스타벅스,경기도,김포시
스타벅스,경기도,용인시 수지구
스타벅스,경기도,김포시
빽다방,경기도,군포시
커피빈,경기도,화성시
이디야,경기도,남양주시
스타벅스,경기도,광명시
빽다방,경기도,부천시
이디야,경기도,고양시 일산서구
스타벅스,경기도,성남시 분당구
스타벅스,경기도,성남시 분당구
이디야,경기도,오산시
이디야,경기도,화성시
스타벅스,경기도,성남시 분당구
이디야,경기도,성남시 중원구
이디야,경기도,평택시
이디야,경기도,고양시 덕양구
스타벅스,경기도,용인시 수지구
스타벅스,경기도,화성시
빽다방,경기도,파주시
이디야,경기도,의왕시
이디야,경기도,수원시 영통구
스타벅스,경기도,부천시
이디야,경기도,안양시 만안구
커피빈,경기도,성남시 분당구
빽다방,경기도,안산시 단원구
이디야,경기도,김포시
스타벅스,경기도,김포시
이디야,경기도,김포시
빽다방,경기도,안산시 단원구
이디야,경기도,용인시 기흥구
스타벅스,경기도,성남시 수정구
이디야,경기도,시흥시
스타벅스,경기도,고양시 일산서구
이디야,경기도,용인시 기흥구
이디야,경기도,파주시
빽다방,경기도,성남시 분당구
이디야,경기도,수원시 영통구
빽다방,경기도,평택시
빽다방,경기도,시흥시
스타벅스,경기도,안양시 만안구
스타벅스,경기도,남양주시
빽다방,경기도,부천시
빽다방,경기도,화성시
빽다방,경기도,수원시 팔달구
이디야,경기도,파주시
이디야,경기도,김포시
스타벅스,경기도,성남시 분당구
빽다방,경기도,시흥시
이디야,경기도,수원시 권선구
빽다방,경기도,김포시
이디야,경기도,시흥시
빽다방,경기도,고양시 덕양구
커피빈,경기도,성남시 분당구
커피빈,경기도,연천군
이디야,경기도,의정부시
이디야,경기도,성남시 수정구
스타벅스,경기도,고양시 일산동구
이디야,경기도,양주시
이디야,경기도,광주시
이디야,경기도,고양시 일산동구
스타벅스,경기도,남양주시
이디야,경기도,안산시 단원구
이디야,경기도,안산시 단원구
스타벅스,경기도,과천시
빽다방,경기도,파주시
스타벅스,경기도,용인시 수지구
이디야,경기도,성남시 수정구
이디야,경기도,화성시
이디야,경기도,평택시
빽다방,경기도,수원시 권선구
이디야,경기도,용인시 처인구
스타벅스,경기도,여주시
이디야,경기도,안산시 상록구
빽다방,경기도,성남시 분당구
빽다방,경기도,용인시 기흥구
이디야,경기도,수원시 팔달구
이디야,경기도,시흥시
스타벅스,경기도,이천시
커피빈,경기도,성남시 수정구
스타벅스,경기도,동두천시
이디야,경기도,안양시 만안구
이디야,경기도,용인시 수지구
이디야,경기도,안산시 단원구
이디야,경기도,용인시 기흥구
이디야,경기도,안산시 상록구
스타벅스,경기도,안산시 단원구
이디야,경기도,화성시
빽다방,경기도,군포시
이디야,경기도,양주시
이디야,경기도,구리시
이디야,경기도,수원시 권선구
이디야,경기도,의정부시
이디야,경기도,오산시
이디야,경기도,가평군
빽다방,경기도,안양시 만안구
빽다방,경기도,고양시 덕양구
스타벅스,경기도,광명시
이디야,경기도,남양주시
이디야,경기도,성남시 중원구
스타벅스,경기도,성남시 분당구
스타벅스,경기도,이천시
빽다방,경기도,안양시 만안구
빽다방,경기도,군포시
스타벅스,경기도,용인시 기흥구
빽다방,경기도,화성시
이디야,경기도,과천시
이디야,경기도,안양시 만안구
이디야,경기도,양주시
이디야,경기도,하남시
이디야,경기도,김포시
이디야,경기도,용인시 기흥구
빽다방,경기도,부천시
스타벅스,경기도,남양주시
이디야,경기도,파주시
이디야,경기도,김포시
이디야,경기도,용인시 기흥구
이디야,경기도,화성시
이디야,경기도,용인시 기흥구
스타벅스,경기도,고양시 일산서구
스타벅스,경기도,성남시 분당구
스타벅스,경기도,포천시
스타벅스,경기도,파주시
빽다방,경기도,수원시 권선구
빽다방,경기도,용인시 기흥구
스타벅스,경기도,용인시 처인구
이디야,경기도,군포시
스타벅스,경기도,수원시 영통구
빽다방,경기도,성남시 분당구
스타벅스,경기도,고양시 덕양구
이디야,경기도,성남시 중원구
빽다방,경기도,고양시 덕양구
이디야,경기도,하남시
빽다방,경기도,안산시 단원구
빽다방,경기도,광주시
이디야,경기도,수원시 권선구
이디야,경기도,안산시 단원구
빽다방,경기도,용인시 기흥구
빽다방,경기도,성남시 분당구
이디야,경기도,남양주시
이디야,경기도,파주시
이디야,경기도,부천시
빽다방,경기도,의정부시
이디야,경기도,구리시
이디야,경기도,고양시 일산동구
커피빈,경기도,성남시 분당구
빽다방,경기도,의정부시
이디야,경기도,고양시 덕양구
이디야,경기도,남양주시
이디야,경기도,남양주시
빽다방,경기도,김포시
이디야,경기도,이천시
이디야,경기도,평택시
커피빈,경기도,수원시 권선구
이디야,경기도,성남시 중원구
빽다방,경기도,고양시 일산서구
빽다방,경기도,구리시
이디야,경기도,여주시
빽다방,경기도,동두천시
이디야,경기도,하남시
이디야,경기도,용인시 처인구
빽다방,경기도,부천시
이디야,경기도,의정부시
이디야,경기도,광주시
이디야,경기도,포천시
이디야,경기도,화성시
스타벅스,경기도,성남시 분당구
이디야,경기도,김포시
스타벅스,경기도,오산시
빽다방,경기도,남양주시
이디야,경기도,안양시 동안구
커피빈,경기도,수원시 팔달구
이디야,경기도,성남시 수정구
이디야,경기도,남양주시
이디야,경기도,평택시
빽다방,경기도,수원시 장안구
이디야,경기도,안양시 동안구
이디야,경기도,용인시 처인구
이디야,경기도,성남시 분당구
이디야,경기도,고양시 일산서구
이디야,경기도,화성시
이디야,경기도,안산시 단원구
이디야,경기도,의정부시
이디야,경기도,파주시
이디야,경기도,용인시 수지구
이디야,경기도,안산시 단원구
이디야,경기도,하남시
이디야,경기도,동두천시
빽다방,경기도,성남시 수정구
스타벅스,경기도,성남시 분당구
이디야,경기도,의정부시
빽다방,경기도,화성시
이디야,경기도,고양시 일산동구
이디야,경기도,하남시
이디야,경기도,여주시
이디야,경기도,파주시
이디야,경기도,부천시
이디야,경기도,성남시 분당구
스타벅스,경기도,안양시 동안구
이디야,경기도,안양시 동안구
이디야,경기도,하남시
빽다방,경기도,의정부시
이디야,경기도,용인시 기흥구
스타벅스,경기도,성남시 분당구
이디야,경기도,이천시
스타벅스,경기도,광주시
스타벅스,경기도,화성시
스타벅스,경기도,성남시 분당구
빽다방,경기도,부천시
스타벅스,경기도,안양시 동안구
이디야,경기도,시흥시
스타벅스,경기도,고양시 일산서구
커피빈,경기도,성남시 분당구
스타벅스,경기도,부천시
이디야,경기도,시흥시
빽다방,경기도,이천시
이디야,경기도,수원시 영통구
빽다방,경기도,의왕시
이디야,경기도,안산시 단원구
이디야,경기도,평택시
이디야,경기도,남양주시
이디야,경기도,평택시
빽다방,경기도,성남시 수정구
이디야,경기도,용인시 수지구
이디야,경기도,김포시
이디야,경기도,남양주시
이디야,경기도,안양시 만안구
스타벅스,경기도,안양시 동안구
이디야,경기도,양평군
빽다방,경기도,안산시 단원구
이디야,경기도,안양시 만안구
이디야,경기도,성남시 분당구
빽다방,경기도,용인시 수지구
스타벅스,경기도,남양주시
이디야,경기도,이천시
이디야,경기도,의정부시
이디야,경기도,안산시 단원구
스타벅스,경기도,군포시
이디야,경기도,안산시 상록구
이디야,경기도,안양시 동안구
이디야,경기도,고양시 덕양구
빽다방,경기도,시흥시
이디야,경기도,시흥시
이디야,경기도,성남시 수정구
이디야,경기도,양주시
스타벅스,경기도,파주시
스타벅스,경기도,성남시 분당구
이디야,경기도,하남시
이디야,경기도,군포시
이디야,경기도,광명시
커피빈,경기도,부천시
이디야,경기도,파주시
이디야,경기도,용인시 기흥구
이디야,경기도,남양주시
커피빈,경기도,광명시
빽다방,경기도,양주시
빽다방,경기도,김포시
이디야,경기도,부천시
이디야,경기도,시흥시
이디야,경기도,고양시 일산서구
빽다방,경기도,성남시 중원구
스타벅스,경기도,광명시
이디야,경기도,안양시 동안구
스타벅스,경기도,고양시 덕양구
이디야,경기도,남양주시
스타벅스,경기도,평택시
이디야,경기도,안산시 상록구
스타벅스,경기도,안양시 동안구
이디야,경기도,군포시
스타벅스,경기도,성남시 분당구
스타벅스,경기도,부천시
스타벅스,경기도,성남시 분당구
이디야,경기도,의정부시
스타벅스,경기도,성남시 분당구
스타벅스,경기도,안양시 만안구
스타벅스,경기도,화성시
이디야,경기도,시흥시
스타벅스,경기도,성남시 분당구
스타벅스,경기도,성남시 분당구
이디야,경기도,성남시 중원구
이디야,경기도,오산시
이디야,경기도,용인시 수지구
빽다방,경기도,군포시
스타벅스,경기도,하남시
빽다방,경기도,성남시 분당구
빽다방,경기도,안산시 단원구
이디야,경기도,남양주시
스타벅스,경기도,부천시
이디야,경기도,양주시
이디야,경기도,용인시 수지구
빽다방,경기도,안양시 만안구
이디야,경기도,평택시
커피빈,경기도,화성시
스타벅스,경기도,하남시
이디야,경기도,이천시
이디야,경기도,성남시 중원구
이디야,경기도,포천시
이디야,경기도,고양시 일산동구
이디야,경기도,화성시
이디야,경기도,안산시 단원구
스타벅스,경기도,수원시 권선구
이디야,경기도,안산시 단원구
이디야,경기도,오산시
빽다방,경기도,부천시
이디야,경기도,안양시 만안구
스타벅스,경기도,고양시 일산서구
스타벅스,경기도,광명시
빽다방,경기도,남양주시
이디야,경기도,안양시 동안구
이디야,경기도,용인시 기흥구
이디야,경기도,안산시 상록구
이디야,경기도,남양주시
스타벅스,경기도,남양주시
이디야,경기도,수원시 권선구
커피빈,경기도,수원시 팔달구
이디야,경기도,수원시 팔달구
이디야,경기도,양평군
스타벅스,경기도,수원시 장안구
이디야,경기도,김포시
이디야,경기도,구리시
커피빈,경기도,성남시 분당구
스타벅스,경기도,수원시 팔달구
빽다방,경기도,광명시
이디야,경기도,의정부시
스타벅스,경기도,용인시 기흥구
이디야,경기도,하남시
이디야,경기도,이천시
이디야,경기도,남양주시
이디야,경기도,성남시 분당구
이디야,경기도,성남시 중원구
이디야,경기도,평택시
이디야,경기도,성남시 수정구
이디야,경기도,부천시
스타벅스,경기도,고양시 일산동구
빽다방,경기도,고양시 일산동구
이디야,경기도,가평군
이디야,경기도,구리시
이디야,경기도,평택시
이디야,경기도,안양시 만안구
이디야,경기도,용인시 기흥구
이디야,경기도,안양시 동안구
이디야,경기도,광주시
이디야,경기도,안산시 단원구
이디야,경기도,고양시 덕양구
이디야,경기도,화성시
이디야,경기도,여주시
이디야,경기도,부천시
빽다방,경기도,군포시
이디야,경기도,안양시 만안구
스타벅스,경기도,포천시
스타벅스,경기도,구리시
스타벅스,경기도,이천시
스타벅스,경기도,고양시 일산동구
이디야,경기도,수원시 권선구
이디야,경기도,성남시 분당구
빽다방,경기도,안양시 만안구
이디야,경기도,부천시
이디야,경기도,오산시
빽다방,경기도,고양시 일산동구
이디야,경기도,군포시
이디야,경기도,화성시
스타벅스,경기도,성남시 분당구
이디야,경기도,남양주시
이디야,경기도,의정부시
스타벅스,경기도,남양주시
이디야,경기도,남양주시
이디야,경기도,화성시
이디야,경기도,하남시
이디야,경기도,하남시
스타벅스,경기도,안양시 동안구
이디야,경기도,부천시
이디야,경기도,수원시 영통구
이디야,경기도,양주시
스타벅스,경기도,시흥시
이디야,경기도,파주시
이디야,경기도,포천시
이디야,경기도,성남시 분당구
이디야,경기도,양주시
빽다방,경기도,파주시
커피빈,경기도,안양시 만안구
이디야,경기도,포천시
스타벅스,경기도,고양시 덕양구
이디야,경기도,화성시
이디야,경기도,가평군
스타벅스,경기도,성남시 분당구
이디야,경기도,성남시 중원구
이디야,경기도,성남시 분당구
빽다방,경기도,용인시 기흥구
이디야,경기도,용인시 기흥구
스타벅스,경기도,수원시 영통구
이디야,경기도,수원시 권선구
커피빈,경기도,수원시 영통구
빽다방,경기도,화성시
이디야,경기도,화성시
빽다방,경기도,군포시
스타벅스,경기도,남양주시
이디야,경기도,수원시 장안구
이디야,경기도,성남시 분당구
커피빈,경기도,군포시
이디야,경기도,화성시
이디야,경기도,고양시 덕양구
커피빈,경기도,수원시 장안구
스타벅스,경기도,양주시
커피빈,경기도,파주시
이디야,경기도,성남시 분당구
이디야,경기도,의왕시
이디야,경기도,화성시
이디야,경기도,평택시
이디야,경기도,안양시 동안구
커피빈,경기도,고양시 덕양구
이디야,경기도,용인시 수지구
이디야,경기도,광주시
스타벅스,경기도,용인시 수지구
이디야,경기도,수원시 영통구
이디야,경기도,안산시 단원구
이디야,경기도,포천시
빽다방,경기도,수원시 팔달구
빽다방,경기도,화성시
이디야,경기도,안산시 단원구
이디야,경기도,하남시
스타벅스,경기도,고양시 일산서구
빽다방,경기도,군포시
이디야,경기도,수원시 팔달구
스타벅스,경기도,하남시
이디야,경기도,남양주시
빽다방,경기도,화성시
스타벅스,경기도,오산시
빽다방,경기도,양평군
이디야,경기도,화성시
빽다방,경기도,시흥시
스타벅스,경기도,고양시 일산서구
스타벅스,경기도,의정부시
스타벅스,경기도,하남시
이디야,경기도,김포시
스타벅스,경기도,수원시 영통구
스타벅스,경기도,여주시
빽다방,경기도,수원시 영통구
커피빈,경기도,안양시 동안구
스타벅스,경기도,군포시
빽다방,경기도,화성시
스타벅스,경기도,광명시
스타벅스,경기도,광주시
스타벅스,경기도,안성시
스타벅스,경기도,수원시 영통구
이디야,경기도,부천시
이디야,경기도,화성시
빽다방,경기도,화성시
커피빈,경기도,화성시
빽다방,경기도,수원시 권선구
이디야,경기도,이천시
스타벅스,경기도,과천시
스타벅스,경기도,양주시
스타벅스,경기도,고양시 일산서구
스타벅스,경기도,용인시 수지구
이디야,경기도,수원시 영통구
이디야,경기도,안산시 상록구
스타벅스,경기도,화성시
스타벅스,경기도,안성시
이디야,경기도,광주시
빽다방,경기도,수원시 영통구
빽다방,경기도,김포시
이디야,경기도,시흥시
스타벅스,경기도,화성시
이디야,경기도,성남시 분당구
스타벅스,경기도,수원시 팔달구
이디야,경기도,부천시
스타벅스,경기도,화성시
스타벅스,경기도,부천시
이디야,경기도,용인시 기흥구
스타벅스,경기도,수원시 팔달구
스타벅스,경기도,안산시 단원구
스타벅스,경기도,성남시 분당구
스타벅스,경기도,성남시 분당구
빽다방,경기도,파주시
이디야,경기도,안산시 상록구
이디야,경기도,포천시
스타벅스,경기도,의정부시
스타벅스,경기도,화성시
스타벅스,경기도,고양시 일산동구
커피빈,경기도,수원시 영통구
이디야,경기도,용인시 처인구
이디야,경기도,화성시
스타벅스,경기도,수원시 장안구
이디야,경기도,수원시 팔달구
이디야,경기도,파주시
빽다방,경기도,파주시
커피빈,경기도,성남시 중원구
이디야,경기도,고양시 일산동구
이디야,경기도,구리시
스타벅스,경기도,성남시 분당구
이디야,경기도,하남시
이디야,경기도,파주시
이디야,경기도,고양시 일산서구
이디야,경기도,가평군
이디야,경기도,남양주시
이디야,경기도,용인시 기흥구
스타벅스,경기도,구리시
이디야,경기도,광주시
이디야,경기도,양평군
스타벅스,경기도,파주시
스타벅스,경기도,의정부시
이디야,경기도,화성시
이디야,경기도,용인시 수지구
스타벅스,경기도,고양시 일산동구
이디야,경기도,화성시
이디야,경기도,수원시 권선구
스타벅스,경기도,수원시 영통구
이디야,경기도,가평군
이디야,경기도,여주시
이디야,경기도,동두천시
이디야,경기도,김포시
커피빈,경기도,수원시 영통구
이디야,경기도,평택시
이디야,경기도,의정부시
이디야,경기도,부천시
이디야,경기도,남양주시
스타벅스,경기도,양주시
빽다방,경기도,용인시 기흥구
이디야,경기도,시흥시
스타벅스,경기도,고양시 일산서구
이디야,경기도,안성시
이디야,경기도,안양시 동안구
이디야,경기도,수원시 영통구
이디야,경기도,용인시 기흥구
커피빈,경기도,하남시
이디야,경기도,군포시
이디야,경기도,화성시
이디야,경기도,용인시 기흥구
스타벅스,경기도,양평군
이디야,경기도,남양주시
이디야,경기도,하남시
이디야,경기도,고양시 일산동구
빽다방,경기도,수원시 팔달구
스타벅스,경기도,용인시 수지구
이디야,경기도,용인시 기흥구
스타벅스,경기도,수원시 권선구
스타벅스,경기도,용인시 기흥구
이디야,경기도,안산시 단원구
이디야,경기도,수원시 영통구
이디야,경기도,용인시 처인구
이디야,경기도,성남시 수정구
스타벅스,경기도,성남시 수정구
이디야,경기도,부천시
커피빈,경기도,부천시
이디야,경기도,안산시 단원구
이디야,경기도,양주시
이디야,경기도,수원시 권선구
스타벅스,경기도,이천시
이디야,경기도,하남시
커피빈,경기도,수원시 장안구
스타벅스,경기도,의정부시
이디야,경기도,양주시
이디야,경기도,부천시
이디야,경기도,안산시 단원구
빽다방,경기도,오산시
이디야,경기도,안산시 단원구
이디야,경기도,성남시 수정구
이디야,경기도,하남시
이디야,경기도,의정부시
스타벅스,경기도,양평군
빽다방,경기도,부천시
이디야,경기도,의정부시
스타벅스,경기도,화성시
빽다방,경기도,성남시 수정구
스타벅스,경기도,부천시
이디야,경기도,남양주시
스타벅스,경기도,수원시 영통구
이디야,경기도,용인시 수지구
이디야,경기도,부천시
이디야,경기도,남양주시
이디야,경기도,용인시 수지구
이디야,경기도,용인시 수지구
빽다방,경기도,광주시
빽다방,경기도,의정부시
빽다방,경기도,시흥시
빽다방,경기도,김포시
스타벅스,경기도,포천시
이디야,경기도,부천시
이디야,경기도,광주시
스타벅스,경기도,성남시 분당구
이디야,경기도,안산시 단원구
스타벅스,경기도,안양시 동안구
스타벅스,경기도,군포시
커피빈,경기도,평택시
스타벅스,경기도,시흥시
스타벅스,경기도,광명시
이디야,경기도,시흥시
스타벅스,경기도,오산시
스타벅스,경기도,고양시 덕양구
빽다방,경기도,남양주시
스타벅스,경기도,성남시 수정구
이디야,경기도,하남시
스타벅스,경기도,수원시 권선구
이디야,경기도,부천시
스타벅스,경기도,성남시 분당구
이디야,경기도,고양시 일산서구
이디야,경기도,안산시 단원구
이디야,경기도,구리시
빽다방,경기도,성남시 중원구
이디야,경기도,부천시
이디야,경기도,수원시 권선구
스타벅스,경기도,화성시
스타벅스,경기도,수원시 장안구
빽다방,경기도,김포시
스타벅스,경기도,성남시 분당구
커피빈,경기도,고양시 일산서구
스타벅스,경기도,군포시
이디야,경기도,남양주시
스타벅스,경기도,파주시
스타벅스,경기도,고양시 일산서구
스타벅스,경기도,용인시 기흥구
스타벅스,경기도,안양시 동안구
스타벅스,경기도,고양시 일산동구
스타벅스,경기도,용인시 기흥구
스타벅스,경기도,화성시
스타벅스,경기도,고양시 일산동구
이디야,경기도,의왕시
이디야,경기도,수원시 권선구
스타벅스,경기도,구리시
이디야,경기도,하남시
이디야,경기도,안양시 동안구
이디야,경기도,남양주시
이디야,경기도,고양시 덕양구
이디야,경기도,화성시
스타벅스,경기도,수원시 권선구
스타벅스,경기도,평택시
스타벅스,경기도,시흥시
이디야,경기도,구리시
이디야,경기도,남양주시
이디야,경기도,김포시
이디야,경기도,성남시 분당구
이디야,경기도,고양시 일산서구
이디야,경기도,안성시
이디야,경기도,고양시 덕양구
이디야,경기도,남양주시
이디야,경기도,남양주시
스타벅스,경기도,안양시 동안구
빽다방,경기도,안양시 동안구
이디야,경기도,의정부시
이디야,경기도,수원시 장안구
이디야,경기도,김포시
이디야,경기도,포천시
이디야,경기도,고양시 덕양구
빽다방,경기도,고양시 덕양구
스타벅스,경기도,의정부시
스타벅스,경기도,안양시 동안구
스타벅스,경기도,부천시
이디야,경기도,부천시
빽다방,경기도,파주시
스타벅스,경기도,오산시
이디야,경기도,남양주시
빽다방,경기도,성남시 중원구
이디야,경기도,광명시
스타벅스,경기도,용인시 기흥구
스타벅스,경기도,수원시 영통구
스타벅스,경기도,고양시 일산서구
이디야,경기도,안성시
스타벅스,경기도,평택시
이디야,경기도,수원시 영통구
스타벅스,경기도,고양시 일산서구
스타벅스,경기도,부천시
스타벅스,경기도,수원시 권선구
이디야,경기도,파주시
스타벅스,경기도,고양시 일산서구
빽다방,경기도,구리시
이디야,경기도,양평군
스타벅스,경기도,수원시 영통구
스타벅스,경기도,화성시
이디야,경기도,남양주시
이디야,경기도,고양시 덕양구
빽다방,경기도,성남시 분당구
스타벅스,경기도,고양시 일산서구
이디야,경기도,고양시 덕양구
이디야,경기도,성남시 분당구
스타벅스,경기도,성남시 분당구
이디야,경기도,파주시
스타벅스,경기도,성남시 분당구
이디야,경기도,용인시 기흥구
이디야,경기도,용인시 처인구
이디야,경기도,파주시
이디야,경기도,광명시
빽다방,경기도,의왕시
이디야,경기도,평택시
빽다방,경기도,오산시
이디야,경기도,하남시
스타벅스,경기도,성남시 분당구
이디야,경기도,안양시 동안구
이디야,경기도,시흥시
빽다방,경기도,고양시 덕양구
스타벅스,경기도,포천시
빽다방,경기도,평택시
이디야,경기도,고양시 일산동구
이디야,경기도,남양주시
스타벅스,경기도,고양시 일산서구
이디야,경기도,광주시
이디야,경기도,고양시 일산동구
이디야,경기도,양주시
빽다방,경기도,시흥시
이디야,경기도,가평군
이디야,경기도,성남시 분당구
이디야,경기도,시흥시
스타벅스,경기도,성남시 분당구
이디야,경기도,부천시
빽다방,경기도,고양시 일산서구
스타벅스,경기도,가평군
이디야,경기도,수원시 팔달구
이디야,경기도,남양주시
이디야,경기도,고양시 일산서구
스타벅스,경기도,수원시 권선구
이디야,경기도,고양시 덕양구
이디야,경기도,광주시
이디야,경기도,고양시 일산서구
빽다방,경기도,김포시
이디야,경기도,부천시
이디야,경기도,하남시
이디야,경기도,성남시 수정구
빽다방,경기도,성남시 분당구
이디야,경기도,안산시 단원구
이디야,경기도,평택시
스타벅스,경기도,용인시 수지구
빽다방,경기도,고양시 일산동구
이디야,경기도,광명시
이디야,경기도,양주시
이디야,경기도,가평군
이디야,경기도,의정부시
이디야,경기도,의정부시
스타벅스,경기도,성남시 분당구
스타벅스,경기도,용인시 기흥구
스타벅스,경기도,성남시 분당구
스타벅스,경기도,김포시
이디야,경기도,구리시
스타벅스,경기도,안양시 동안구
스타벅스,경기도,성남시 분당구
스타벅스,경기도,성남시 중원구
이디야,경기도,수원시 장안구
스타벅스,경기도,성남시 분당구
이디야,경기도,파주시
빽다방,경기도,남양주시
스타벅스,경기도,부천시
스타벅스,경기도,부천시
이디야,경기도,평택시
이디야,경기도,평택시
이디야,경기도,남양주시
스타벅스,경기도,오산시
스타벅스,경기도,평택시
빽다방,경기도,김포시
스타벅스,경기도,시흥시
이디야,경기도,부천시
이디야,경기도,의정부시
이디야,경기도,안산시 상록구
스타벅스,경기도,가평군
스타벅스,경기도,안양시 동안구
이디야,경기도,용인시 수지구
스타벅스,경기도,의왕시
이디야,경기도,가평군
이디야,경기도,화성시
스타벅스,경기도,하남시
이디야,경기도,군포시
커피빈,경기도,평택시
스타벅스,경기도,고양시 덕양구
빽다방,경기도,군포시
이디야,경기도,고양시 덕양구
빽다방,경기도,안산시 단원구
빽다방,경기도,평택시
빽다방,경기도,평택시
빽다방,경기도,고양시 일산동구
이디야,경기도,오산시
스타벅스,경기도,수원시 권선구
빽다방,경기도,수원시 영통구
빽다방,경기도,용인시 수지구
빽다방,경기도,고양시 덕양구
빽다방,경기도,수원시 권선구
빽다방,경기도,고양시 덕양구
빽다방,경기도,고양시 덕양구
빽다방,경기도,고양시 덕양구
스타벅스,경기도,화성시
이디야,경기도,하남시
이디야,경기도,안산시 상록구
이디야,경기도,과천시
빽다방,경기도,용인시 수지구
빽다방,경기도,김포시
스타벅스,경기도,안성시
빽다방,경기도,하남시
스타벅스,경기도,광주시
이디야,경기도,이천시
이디야,경기도,안산시 단원구
스타벅스,경기도,안성시
빽다방,경기도,고양시 일산동구
이디야,경기도,성남시 수정구
스타벅스,경기도,양주시
빽다방,경기도,고양시 일산서구
스타벅스,경기도,용인시 처인구
빽다방,경기도,광주시
빽다방,경기도,김포시
스타벅스,경기도,용인시 수지구
빽다방,경기도,성남시 수정구
스타벅스,경기도,구리시
스타벅스,경기도,안양시 동안구
스타벅스,경기도,파주시
이디야,경기도,용인시 기흥구
이디야,경기도,포천시
이디야,경기도,남양주시
이디야,경기도,하남시
빽다방,경기도,용인시 처인구
이디야,경기도,남양주시
이디야,경기도,화성시
빽다방,경기도,용인시 기흥구
빽다방,경기도,파주시
이디야,경기도,용인시 수지구
이디야,경기도,하남시
빽다방,경기도,시흥시
이디야,경기도,하남시
빽다방,경기도,성남시 중원구
빽다방,경기도,용인시 처인구
빽다방,경기도,남양주시
이디야,경기도,용인시 수지구
빽다방,경기도,화성시
빽다방,경기도,용인시 수지구
이디야,경기도,화성시
빽다방,경기도,화성시
빽다방,경기도,남양주시
빽다방,경기도,화성시
이디야,경기도,남양주시
빽다방,경기도,양주시
스타벅스,경기도,수원시 영통구
빽다방,경기도,부천시
이디야,경기도,성남시 수정구
빽다방,경기도,성남시 중원구
이디야,경기도,포천시
빽다방,경기도,하남시
빽다방,경기도,이천시
빽다방,경기도,안양시 만안구
빽다방,경기도,의정부시
이디야,경기도,광명시
빽다방,경기도,안산시 상록구
빽다방,경기도,안산시 단원구
이디야,경기도,광주시
빽다방,경기도,수원시 장안구
빽다방,경기도,화성시
빽다방,경기도,수원시 팔달구
빽다방,경기도,부천시
빽다방,경기도,화성시
빽다방,경기도,광명시
커피빈,경기도,용인시 처인구
이디야,경기도,성남시 중원구
이디야,경기도,수원시 영통구
이디야,경기도,파주시
빽다방,경기도,화성시
빽다방,경기도,수원시 장안구
빽다방,경기도,부천시
빽다방,경기도,안양시 만안구
빽다방,경기도,평택시
이디야,경기도,포천시
스타벅스,경상남도,진주시
빽다방,경상남도,진주시
이디야,경상남도,창원시 의창구
빽다방,경상남도,고성군
스타벅스,경상남도,거제시
빽다방,경상남도,통영시
이디야,경상남도,거제시
이디야,경상남도,창원시 성산구
이디야,경상남도,창원시 의창구
커피빈,경상남도,창원시 성산구
빽다방,경상남도,통영시
빽다방,경상남도,진주시
이디야,경상남도,함안군
이디야,경상남도,김해시
빽다방,경상남도,거창군
스타벅스,경상남도,김해시
이디야,경상남도,창원시 성산구
이디야,경상남도,창녕군
스타벅스,경상남도,김해시
스타벅스,경상남도,창원시 마산합포구
스타벅스,경상남도,진주시
스타벅스,경상남도,김해시
커피빈,경상남도,창원시 성산구
이디야,경상남도,진주시
스타벅스,경상남도,창원시 성산구
스타벅스,경상남도,진주시
이디야,경상남도,김해시
커피빈,경상남도,진주시
스타벅스,경상남도,진주시
스타벅스,경상남도,진주시
커피빈,경상남도,함안군
이디야,경상남도,김해시
커피빈,경상남도,함안군
이디야,경상남도,진주시
이디야,경상남도,진주시
스타벅스,경상남도,양산시
이디야,경상남도,김해시
이디야,경상남도,사천시
스타벅스,경상남도,김해시
스타벅스,경상남도,창원시 의창구
이디야,경상남도,김해시
이디야,경상남도,창원시 마산합포구
스타벅스,경상남도,산청군
스타벅스,경상남도,창원시 성산구
스타벅스,경상남도,사천시
커피빈,경상남도,창원시 성산구
이디야,경상남도,양산시
스타벅스,경상남도,밀양시
스타벅스,경상남도,창원시 성산구
빽다방,경상남도,진주시
스타벅스,경상남도,창원시 마산합포구
이디야,경상남도,거창군
커피빈,경상남도,통영시
스타벅스,경상남도,거제시
이디야,경상남도,김해시
스타벅스,경상남도,창원시 진해구
이디야,경상남도,창원시 마산회원구
스타벅스,경상남도,창원시 성산구
스타벅스,경상남도,창원시 마산회원구
빽다방,경상남도,김해시
이디야,경상남도,밀양시
이디야,경상남도,진주시
이디야,경상남도,고성군
이디야,경상남도,김해시
이디야,경상남도,진주시
스타벅스,경상남도,밀양시
빽다방,경상남도,통영시
빽다방,경상남도,양산시
이디야,경상남도,창원시 진해구
이디야,경상남도,거제시
이디야,경상남도,창원시 성산구
이디야,경상남도,김해시
이디야,경상남도,창원시 의창구
이디야,경상남도,창원시 마산회원구
이디야,경상남도,사천시
이디야,경상남도,진주시
스타벅스,경상남도,창원시 성산구
이디야,경상남도,김해시
이디야,경상남도,김해시
이디야,경상남도,창녕군
이디야,경상남도,창원시 마산회원구
스타벅스,경상남도,양산시
이디야,경상남도,양산시
이디야,경상남도,거제시
이디야,경상남도,김해시
이디야,경상남도,창원시 의창구
스타벅스,경상남도,창원시 진해구
이디야,경상남도,창원시 성산구
스타벅스,경상남도,밀양시
스타벅스,경상남도,창원시 마산회원구
스타벅스,경상남도,김해시
이디야,경상남도,창원시 마산합포구
이디야,경상남도,창원시 성산구
이디야,경상남도,밀양시
빽다방,경상남도,고성군
이디야,경상남도,창원시 진해구
이디야,경상남도,창원시 마산합포구
스타벅스,경상남도,창원시 마산회원구
이디야,경상남도,김해시
이디야,경상남도,양산시
빽다방,경상남도,진주시
이디야,경상남도,김해시
이디야,경상남도,김해시
이디야,경상남도,창원시 의창구
이디야,경상남도,창원시 성산구
이디야,경상남도,진주시
이디야,경상남도,김해시
스타벅스,경상남도,창원시 성산구
이디야,경상남도,거제시
이디야,경상남도,진주시
스타벅스,경상남도,양산시
이디야,경상남도,김해시
이디야,경상남도,김해시
이디야,경상남도,창원시 의창구
이디야,경상남도,김해시
커피빈,경상남도,창원시 진해구
스타벅스,경상남도,창원시 마산회원구
빽다방,경상남도,창원시 성산구
이디야,경상남도,창원시 진해구
빽다방,경상남도,진주시
이디야,경상남도,양산시
이디야,경상남도,산청군
커피빈,경상남도,창원시 마산합포구
빽다방,경상남도,진주시
이디야,경상남도,창원시 의창구
스타벅스,경상남도,창원시 마산회원구
이디야,경상남도,김해시
이디야,경상남도,남해군
이디야,경상남도,창원시 마산합포구
이디야,경상남도,김해시
이디야,경상남도,사천시
스타벅스,경상남도,창원시 의창구
스타벅스,경상남도,하동군
이디야,경상남도,양산시
스타벅스,경상남도,창원시 성산구
스타벅스,경상남도,창녕군
스타벅스,경상남도,양산시
빽다방,경상남도,진주시
스타벅스,경상남도,진주시
스타벅스,경상남도,김해시
이디야,경상남도,합천군
스타벅스,경상남도,김해시
이디야,경상남도,밀양시
이디야,경상남도,거제시
이디야,경상남도,거제시
이디야,경상남도,창원시 진해구
이디야,경상남도,김해시
이디야,경상남도,진주시
스타벅스,경상남도,창원시 의창구
이디야,경상남도,창원시 성산구
스타벅스,경상남도,창원시 마산회원구
스타벅스,경상남도,김해시
이디야,경상남도,사천시
스타벅스,경상남도,거제시
스타벅스,경상남도,통영시
이디야,경상남도,창원시 마산합포구
이디야,경상남도,창원시 마산합포구
스타벅스,경상남도,양산시
이디야,경상남도,진주시
이디야,경상남도,진주시
이디야,경상남도,창원시 성산구
이디야,경상남도,진주시
스타벅스,경상남도,창원시 마산합포구
이디야,경상남도,김해시
이디야,경상남도,김해시
이디야,경상남도,창원시 성산구
이디야,경상남도,함양군
이디야,경상남도,김해시
이디야,경상남도,창원시 마산회원구
이디야,경상남도,거제시
이디야,경상남도,밀양시
이디야,경상남도,김해시
이디야,경상남도,김해시
스타벅스,경상남도,진주시
스타벅스,경상남도,양산시
이디야,경상남도,진주시
스타벅스,경상남도,김해시
커피빈,경상남도,김해시
이디야,경상남도,창원시 의창구
스타벅스,경상남도,창원시 성산구
스타벅스,경상남도,사천시
이디야,경상남도,창원시 성산구
이디야,경상남도,거제시
이디야,경상남도,양산시
이디야,경상남도,창원시 진해구
스타벅스,경상남도,거제시
이디야,경상남도,양산시
이디야,경상남도,창원시 성산구
스타벅스,경상남도,창원시 성산구
이디야,경상남도,창원시 성산구
이디야,경상남도,밀양시
이디야,경상남도,양산시
스타벅스,경상남도,김해시
이디야,경상남도,진주시
이디야,경상남도,김해시
빽다방,경상남도,창원시 성산구
이디야,경상남도,김해시
빽다방,경상남도,김해시
이디야,경상남도,진주시
이디야,경상남도,진주시
이디야,경상남도,진주시
스타벅스,경상남도,김해시
스타벅스,경상남도,거제시
이디야,경상남도,진주시
스타벅스,경상남도,창원시 마산합포구
스타벅스,경상남도,김해시
이디야,경상남도,김해시
스타벅스,경상남도,거제시
이디야,경상남도,김해시
이디야,경상남도,밀양시
빽다방,경상남도,진주시
스타벅스,경상남도,김해시
빽다방,경상남도,진주시
이디야,경상남도,거제시
빽다방,경상남도,하동군
이디야,경상남도,창원시 진해구
스타벅스,경상남도,창원시 의창구
이디야,경상남도,양산시
빽다방,경상남도,김해시
스타벅스,경상남도,창원시 성산구
빽다방,경상남도,함양군
이디야,경상남도,창원시 성산구
빽다방,경상남도,창원시 진해구
스타벅스,경상남도,양산시
빽다방,경상남도,진주시
이디야,경상북도,김천시
이디야,경상북도,칠곡군
이디야,경상북도,구미시
빽다방,경상북도,포항시 북구
스타벅스,경상북도,구미시
스타벅스,경상북도,구미시
빽다방,경상북도,구미시
이디야,경상북도,칠곡군
이디야,경상북도,안동시
빽다방,경상북도,포항시 북구
스타벅스,경상북도,포항시 북구
이디야,경상북도,경주시
스타벅스,경상북도,구미시
이디야,경상북도,포항시 북구
스타벅스,경상북도,포항시 남구
커피빈,경상북도,포항시 북구
이디야,경상북도,문경시
스타벅스,경상북도,김천시
이디야,경상북도,경주시
빽다방,경상북도,구미시
스타벅스,경상북도,영양군
이디야,경상북도,경산시
이디야,경상북도,경주시
이디야,경상북도,경주시
이디야,경상북도,구미시
이디야,경상북도,경주시
빽다방,경상북도,구미시
스타벅스,경상북도,포항시 북구
이디야,경상북도,울진군
이디야,경상북도,포항시 북구
스타벅스,경상북도,고령군
스타벅스,경상북도,안동시
이디야,경상북도,경주시
스타벅스,경상북도,청도군
이디야,경상북도,경주시
이디야,경상북도,구미시
이디야,경상북도,포항시 북구
스타벅스,경상북도,구미시
빽다방,경상북도,경산시
스타벅스,경상북도,경주시
이디야,경상북도,문경시
이디야,경상북도,청송군
스타벅스,경상북도,포항시 북구
스타벅스,경상북도,경주시
스타벅스,경상북도,포항시 남구
스타벅스,경상북도,포항시 남구
이디야,경상북도,경산시
이디야,경상북도,고령군
이디야,경상북도,구미시
이디야,경상북도,경산시
이디야,경상북도,경산시
이디야,경상북도,포항시 북구
빽다방,경상북도,울진군
스타벅스,경상북도,경산시
이디야,경상북도,영주시
스타벅스,경상북도,구미시
이디야,경상북도,안동시
이디야,경상북도,안동시
이디야,경상북도,구미시
이디야,경상북도,김천시
이디야,경상북도,안동시
스타벅스,경상북도,포항시 북구
스타벅스,경상북도,경산시
이디야,경상북도,구미시
이디야,경상북도,구미시
이디야,경상북도,구미시
이디야,경상북도,경주시
이디야,경상북도,영주시
이디야,경상북도,포항시 북구
이디야,경상북도,경주시
스타벅스,경상북도,경주시
이디야,경상북도,상주시
이디야,경상북도,경주시
이디야,경상북도,구미시
빽다방,경상북도,구미시
이디야,경상북도,포항시 남구
이디야,경상북도,포항시 북구
빽다방,경상북도,영주시
빽다방,경상북도,구미시
이디야,경상북도,경주시
빽다방,경상북도,포항시 남구
스타벅스,경상북도,포항시 남구
이디야,경상북도,칠곡군
이디야,경상북도,성주군
이디야,경상북도,경산시
이디야,경상북도,경주시
이디야,경상북도,포항시 남구
이디야,경상북도,예천군
이디야,경상북도,영천시
커피빈,경상북도,경주시
스타벅스,경상북도,구미시
커피빈,경상북도,청송군
이디야,경상북도,영천시
커피빈,경상북도,영덕군
스타벅스,경상북도,경주시
이디야,경상북도,포항시 북구
이디야,경상북도,포항시 북구
스타벅스,경상북도,안동시
스타벅스,경상북도,포항시 남구
이디야,경상북도,경주시
이디야,경상북도,포항시 북구
커피빈,경상북도,경주시
이디야,경상북도,경주시
이디야,경상북도,경주시
이디야,경상북도,문경시
이디야,경상북도,경주시
이디야,경상북도,영덕군
이디야,경상북도,상주시
이디야,경상북도,경주시
스타벅스,경상북도,경주시
스타벅스,경상북도,구미시
이디야,경상북도,문경시
스타벅스,경상북도,경산시
스타벅스,경상북도,경산시
이디야,경상북도,포항시 북구
스타벅스,경상북도,구미시
스타벅스,경상북도,영덕군
이디야,경상북도,구미시
이디야,경상북도,경주시
이디야,경상북도,칠곡군
빽다방,경상북도,예천군
이디야,경상북도,울진군
스타벅스,경상북도,구미시
이디야,경상북도,경주시
스타벅스,경상북도,문경시
빽다방,경상북도,안동시
이디야,경상북도,경주시
스타벅스,경상북도,경산시
이디야,경상북도,포항시 북구
스타벅스,경상북도,안동시
이디야,경상북도,청도군
스타벅스,경상북도,구미시
이디야,경상북도,경산시
이디야,경상북도,경주시
커피빈,경상북도,상주시
스타벅스,경상북도,포항시 남구
이디야,경상북도,경산시
커피빈,경상북도,울진군
이디야,경상북도,경산시
이디야,경상북도,구미시
이디야,경상북도,경주시
스타벅스,경상북도,김천시
빽다방,경상북도,경주시
이디야,경상북도,포항시 남구
이디야,경상북도,포항시 남구
스타벅스,경상북도,경주시
스타벅스,경상북도,경산시
스타벅스,경상북도,경주시
스타벅스,경상북도,포항시 남구
이디야,경상북도,영덕군
스타벅스,경상북도,경산시
이디야,경상북도,구미시
이디야,경상북도,칠곡군
이디야,경상북도,포항시 남구
이디야,경상북도,포항시 북구
이디야,경상북도,구미시
이디야,경상북도,경주시
이디야,경상북도,구미시
스타벅스,경상북도,포항시 남구
이디야,경상북도,경주시
이디야,경상북도,울진군
스타벅스,경상북도,안동시
스타벅스,경상북도,경산시
이디야,경상북도,안동시
빽다방,경상북도,영천시
이디야,경상북도,구미시
빽다방,경상북도,경산시
스타벅스,경상북도,포항시 북구
스타벅스,경상북도,안동시
빽다방,경상북도,경산시
이디야,경상북도,경주시
스타벅스,경상북도,청송군
빽다방,경상북도,문경시
빽다방,경상북도,칠곡군
빽다방,경상북도,포항시 남구
이디야,경상북도,칠곡군
빽다방,경상북도,김천시
빽다방,경상북도,포항시 북구
빽다방,경상북도,경산시
빽다방,경상북도,고령군
스타벅스,경상북도,성주군
이디야,경상북도,포항시 남구
빽다방,경상북도,영천시
빽다방,경상북도,칠곡군
이디야,경상북도,안동시
빽다방,광주광역시,광산구
이디야,광주광역시,남구
이디야,광주광역시,광산구
스타벅스,광주광역시,서구
스타벅스,광주광역시,동구
스타벅스,광주광역시,서구
이디야,광주광역시,남구
이디야,광주광역시,북구
빽다방,광주광역시,북구
커피빈,광주광역시,남구
빽다방,광주광역시,동구
이디야,광주광역시,북구
스타벅스,광주광역시,광산구
커피빈,광주광역시,동구
스타벅스,광주광역시,동구
이디야,광주광역시,동구
스타벅스,광주광역시,북구
스타벅스,광주광역시,서구
스타벅스,광주광역시,동구
이디야,광주광역시,광산구
스타벅스,광주광역시,광산구
이디야,광주광역시,서구
이디야,광주광역시,광산구
스타벅스,광주광역시,남구
스타벅스,광주광역시,서구
이디야,광주광역시,북구
스타벅스,광주광역시,광산구
스타벅스,광주광역시,남구
빽다방,광주광역시,동구
스타벅스,광주광역시,동구
스타벅스,광주광역시,북구
이디야,광주광역시,광산구
스타벅스,광주광역시,광산구
스타벅스,광주광역시,남구
스타벅스,광주광역시,서구
스타벅스,광주광역시,서구
스타벅스,광주광역시,남구
커피빈,광주광역시,남구
스타벅스,광주광역시,서구
스타벅스,광주광역시,서구
스타벅스,광주광역시,북구
스타벅스,광주광역시,광산구
스타벅스,광주광역시,광산구
이디야,광주광역시,광산구
이디야,광주광역시,동구
이디야,광주광역시,북구
이디야,광주광역시,광산구
이디야,광주광역시,서구
스타벅스,광주광역시,남구
이디야,광주광역시,광산구
이디야,광주광역시,광산구
스타벅스,광주광역시,남구
스타벅스,광주광역시,광산구
이디야,광주광역시,서구
이디야,광주광역시,서구
이디야,광주광역시,서구
이디야,광주광역시,남구
스타벅스,광주광역시,광산구
스타벅스,광주광역시,광산구
스타벅스,광주광역시,남구
이디야,광주광역시,북구
이디야,광주광역시,북구
스타벅스,광주광역시,남구
스타벅스,광주광역시,동구
스타벅스,광주광역시,북구
스타벅스,광주광역시,북구
이디야,광주광역시,서구
스타벅스,광주광역시,남구
빽다방,광주광역시,서구
스타벅스,광주광역시,동구
이디야,광주광역시,서구
이디야,광주광역시,광산구
스타벅스,광주광역시,서구
스타벅스,광주광역시,남구
스타벅스,광주광역시,북구
스타벅스,광주광역시,광산구
스타벅스,광주광역시,서구
이디야,광주광역시,남구
스타벅스,광주광역시,북구
스타벅스,광주광역시,광산구
스타벅스,광주광역시,광산구
이디야,광주광역시,광산구
이디야,광주광역시,광산구
이디야,광주광역시,서구
이디야,광주광역시,북구
스타벅스,광주광역시,광산구
스타벅스,광주광역시,북구
빽다방,광주광역시,남구
이디야,광주광역시,북구
이디야,광주광역시,북구
이디야,광주광역시,서구
이디야,광주광역시,광산구
이디야,광주광역시,광산구
스타벅스,광주광역시,북구
이디야,광주광역시,북구
이디야,광주광역시,광산구
이디야,광주광역시,남구
이디야,광주광역시,서구
이디야,광주광역시,광산구
이디야,광주광역시,북구
이디야,광주광역시,광산구
이디야,광주광역시,남구
이디야,광주광역시,광산구
스타벅스,광주광역시,서구
이디야,광주광역시,서구
빽다방,광주광역시,동구
스타벅스,광주광역시,동구
빽다방,광주광역시,동구
스타벅스,광주광역시,북구
이디야,광주광역시,북구
스타벅스,광주광역시,동구
스타벅스,광주광역시,북구
스타벅스,광주광역시,남구
이디야,광주광역시,광산구
커피빈,광주광역시,서구
이디야,광주광역시,북구
이디야,광주광역시,남구
이디야,광주광역시,서구
스타벅스,광주광역시,동구
이디야,광주광역시,광산구
빽다방,광주광역시,광산구
이디야,광주광역시,북구
빽다방,광주광역시,북구
빽다방,광주광역시,북구
스타벅스,광주광역시,북구
이디야,광주광역시,북구
이디야,광주광역시,남구
이디야,광주광역시,서구
빽다방,광주광역시,광산구
이디야,광주광역시,광산구
이디야,광주광역시,북구
빽다방,광주광역시,남구
스타벅스,광주광역시,광산구
빽다방,광주광역시,광산구
이디야,광주광역시,남구
스타벅스,대구광역시,중구
빽다방,대구광역시,달서구
스타벅스,대구광역시,수성구
이디야,대구광역시,수성구
스타벅스,대구광역시,북구
스타벅스,대구광역시,수성구
스타벅스,대구광역시,동구
스타벅스,대구광역시,동구
스타벅스,대구광역시,달서구
빽다방,대구광역시,수성구
빽다방,대구광역시,달성군
스타벅스,대구광역시,수성구
이디야,대구광역시,수성구
스타벅스,대구광역시,동구
스타벅스,대구광역시,북구
스타벅스,대구광역시,수성구
스타벅스,대구광역시,중구
스타벅스,대구광역시,수성구
스타벅스,대구광역시,달서구
이디야,대구광역시,달성군
빽다방,대구광역시,동구
스타벅스,대구광역시,북구
빽다방,대구광역시,중구
빽다방,대구광역시,동구
빽다방,대구광역시,중구
빽다방,대구광역시,북구
빽다방,대구광역시,중구
스타벅스,대구광역시,서구
스타벅스,대구광역시,동구
이디야,대구광역시,동구
스타벅스,대구광역시,달서구
이디야,대구광역시,동구
이디야,대구광역시,중구
이디야,대구광역시,중구
이디야,대구광역시,달서구
스타벅스,대구광역시,남구
이디야,대구광역시,달성군
이디야,대구광역시,수성구
스타벅스,대구광역시,동구
이디야,대구광역시,수성구
이디야,대구광역시,달서구
이디야,대구광역시,수성구
이디야,대구광역시,달성군
빽다방,대구광역시,달서구
이디야,대구광역시,달성군
이디야,대구광역시,동구
이디야,대구광역시,달서구
커피빈,대구광역시,중구
이디야,대구광역시,달서구
빽다방,대구광역시,달성군
이디야,대구광역시,남구
이디야,대구광역시,달서구
이디야,대구광역시,북구
스타벅스,대구광역시,수성구
스타벅스,대구광역시,달서구
스타벅스,대구광역시,달서구
스타벅스,대구광역시,수성구
스타벅스,대구광역시,동구
스타벅스,대구광역시,수성구
이디야,대구광역시,북구
스타벅스,대구광역시,달서구
스타벅스,대구광역시,수성구
빽다방,대구광역시,수성구
이디야,대구광역시,북구
스타벅스,대구광역시,달서구
이디야,대구광역시,달성군
스타벅스,대구광역시,달서구
이디야,대구광역시,달서구
이디야,대구광역시,중구
스타벅스,대구광역시,남구
스타벅스,대구광역시,달서구
스타벅스,대구광역시,달성군
빽다방,대구광역시,수성구
빽다방,대구광역시,달성군
이디야,대구광역시,중구
이디야,대구광역시,달서구
스타벅스,대구광역시,달서구
스타벅스,대구광역시,달서구
스타벅스,대구광역시,남구
이디야,대구광역시,남구
스타벅스,대구광역시,수성구
이디야,대구광역시,남구
스타벅스,대구광역시,수성구
빽다방,대구광역시,달서구
스타벅스,대구광역시,북구
스타벅스,대구광역시,동구
스타벅스,대구광역시,달성군
빽다방,대구광역시,달서구
이디야,대구광역시,동구
커피빈,대구광역시,중구
스타벅스,대구광역시,중구
스타벅스,대구광역시,수성구
이디야,대구광역시,남구
이디야,대구광역시,중구
이디야,대구광역시,북구
스타벅스,대구광역시,수성구
스타벅스,대구광역시,달서구
스타벅스,대구광역시,수성구
스타벅스,대구광역시,수성구
이디야,대구광역시,북구
스타벅스,대구광역시,중구
스타벅스,대구광역시,달서구
스타벅스,대구광역시,북구
스타벅스,대구광역시,달서구
스타벅스,대구광역시,달성군
커피빈,대구광역시,중구
이디야,대구광역시,달성군
이디야,대구광역시,동구
이디야,대구광역시,북구
커피빈,대구광역시,수성구
빽다방,대구광역시,달서구
이디야,대구광역시,달서구
스타벅스,대구광역시,중구
스타벅스,대구광역시,중구
이디야,대구광역시,남구
스타벅스,대구광역시,달서구
스타벅스,대구광역시,수성구
스타벅스,대구광역시,동구
스타벅스,대구광역시,수성구
이디야,대구광역시,중구
스타벅스,대구광역시,수성구
이디야,대구광역시,남구
스타벅스,대구광역시,동구
스타벅스,대구광역시,달서구
스타벅스,대구광역시,서구
스타벅스,대구광역시,달성군
이디야,대구광역시,달서구
스타벅스,대구광역시,중구
스타벅스,대구광역시,중구
이디야,대구광역시,동구
이디야,대구광역시,달성군
이디야,대구광역시,달성군
이디야,대구광역시,달성군
이디야,대구광역시,수성구
이디야,대구광역시,서구
이디야,대구광역시,달서구
이디야,대구광역시,달서구
이디야,대구광역시,수성구
이디야,대구광역시,수성구
이디야,대구광역시,북구
이디야,대구광역시,동구
빽다방,대구광역시,북구
스타벅스,대구광역시,중구
스타벅스,대구광역시,수성구
빽다방,대구광역시,북구
이디야,대구광역시,북구
스타벅스,대구광역시,달서구
이디야,대구광역시,동구
스타벅스,대구광역시,달서구
빽다방,대구광역시,동구
이디야,대구광역시,서구
빽다방,대구광역시,달서구
이디야,대구광역시,달서구
빽다방,대구광역시,달서구
이디야,대구광역시,수성구
빽다방,대구광역시,서구
이디야,대구광역시,달서구
이디야,대구광역시,중구
빽다방,대구광역시,북구
이디야,대구광역시,달서구
이디야,대구광역시,서구
이디야,대구광역시,달성군
이디야,대구광역시,북구
이디야,대구광역시,달서구
이디야,대구광역시,달서구
빽다방,대구광역시,수성구
이디야,대구광역시,동구
빽다방,대구광역시,북구
이디야,대구광역시,수성구
빽다방,대구광역시,중구
이디야,대구광역시,북구
빽다방,대구광역시,달서구
스타벅스,대전광역시,동구
스타벅스,대전광역시,서구
스타벅스,대전광역시,유성구
스타벅스,대전광역시,서구
스타벅스,대전광역시,유성구
이디야,대전광역시,동구
스타벅스,대전광역시,중구
이디야,대전광역시,유성구
빽다방,대전광역시,중구
스타벅스,대전광역시,서구
빽다방,대전광역시,동구
빽다방,대전광역시,중구
빽다방,대전광역시,서구
이디야,대전광역시,서구
빽다방,대전광역시,유성구
이디야,대전광역시,서구
스타벅스,대전광역시,서구
빽다방,대전광역시,서구
스타벅스,대전광역시,서구
빽다방,대전광역시,서구
이디야,대전광역시,대덕구
스타벅스,대전광역시,동구
스타벅스,대전광역시,동구
스타벅스,대전광역시,서구
스타벅스,대전광역시,중구
스타벅스,대전광역시,서구
스타벅스,대전광역시,유성구
빽다방,대전광역시,서구
스타벅스,대전광역시,유성구
빽다방,대전광역시,중구
스타벅스,대전광역시,서구
빽다방,대전광역시,서구
스타벅스,대전광역시,중구
스타벅스,대전광역시,유성구
스타벅스,대전광역시,서구
빽다방,대전광역시,중구
빽다방,대전광역시,중구
스타벅스,대전광역시,대덕구
스타벅스,대전광역시,서구
빽다방,대전광역시,중구
스타벅스,대전광역시,서구
빽다방,대전광역시,동구
이디야,대전광역시,서구
이디야,대전광역시,유성구
빽다방,대전광역시,서구
빽다방,대전광역시,서구
이디야,대전광역시,유성구
빽다방,대전광역시,유성구
스타벅스,대전광역시,서구
빽다방,대전광역시,유성구
이디야,대전광역시,대덕구
이디야,대전광역시,유성구
스타벅스,대전광역시,서구
이디야,대전광역시,유성구
이디야,대전광역시,서구
이디야,대전광역시,서구
빽다방,대전광역시,대덕구
스타벅스,대전광역시,서구
스타벅스,대전광역시,유성구
이디야,대전광역시,서구
스타벅스,대전광역시,동구
이디야,대전광역시,유성구
이디야,대전광역시,서구
스타벅스,대전광역시,유성구
빽다방,대전광역시,유성구
빽다방,대전광역시,서구
스타벅스,대전광역시,대덕구
커피빈,대전광역시,유성구
빽다방,대전광역시,서구
빽다방,대전광역시,중구
스타벅스,대전광역시,중구
빽다방,대전광역시,유성구
커피빈,대전광역시,서구
스타벅스,대전광역시,서구
빽다방,대전광역시,대덕구
스타벅스,대전광역시,유성구
이디야,대전광역시,유성구
빽다방,대전광역시,유성구
스타벅스,대전광역시,동구
스타벅스,대전광역시,서구
이디야,대전광역시,동구
이디야,대전광역시,유성구
이디야,대전광역시,대덕구
스타벅스,대전광역시,서구
스타벅스,대전광역시,유성구
빽다방,대전광역시,유성구
이디야,대전광역시,중구
스타벅스,대전광역시,서구
스타벅스,대전광역시,유성구
스타벅스,대전광역시,대덕구
이디야,대전광역시,서구
스타벅스,대전광역시,중구
스타벅스,대전광역시,대덕구
이디야,대전광역시,서구
이디야,대전광역시,유성구
빽다방,대전광역시,서구
빽다방,대전광역시,동구
이디야,대전광역시,서구
스타벅스,대전광역시,서구
이디야,대전광역시,서구
스타벅스,대전광역시,서구
빽다방,대전광역시,동구
이디야,대전광역시,유성구
스타벅스,대전광역시,대덕구
스타벅스,대전광역시,유성구
스타벅스,대전광역시,서구
빽다방,대전광역시,서구
빽다방,대전광역시,유성구
빽다방,대전광역시,서구
이디야,대전광역시,중구
빽다방,대전광역시,서구
이디야,대전광역시,유성구
스타벅스,대전광역시,서구
이디야,대전광역시,서구
빽다방,대전광역시,서구
빽다방,대전광역시,서구
빽다방,대전광역시,유성구
스타벅스,대전광역시,유성구
이디야,대전광역시,중구
빽다방,대전광역시,서구
이디야,대전광역시,유성구
이디야,대전광역시,서구
빽다방,대전광역시,서구
빽다방,대전광역시,동구
이디야,대전광역시,대덕구
빽다방,대전광역시,동구
빽다방,부산광역시,중구
이디야,부산광역시,해운대구
이디야,부산광역시,사하구
스타벅스,부산광역시,동구
스타벅스,부산광역시,연제구
이디야,부산광역시,사하구
스타벅스,부산광역시,연제구
스타벅스,부산광역시,사하구
스타벅스,부산광역시,부산진구
이디야,부산광역시,남구
스타벅스,부산광역시,사하구
이디야,부산광역시,수영구
스타벅스,부산광역시,부산진구
스타벅스,부산광역시,서구
스타벅스,부산광역시,동래구
스타벅스,부산광역시,해운대구
스타벅스,부산광역시,사상구
스타벅스,부산광역시,남구
스타벅스,부산광역시,부산진구
스타벅스,부산광역시,해운대구
스타벅스,부산광역시,해운대구
스타벅스,부산광역시,사하구
스타벅스,부산광역시,해운대구
이디야,부산광역시,중구
스타벅스,부산광역시,해운대구
스타벅스,부산광역시,해운대구
빽다방,부산광역시,부산진구
스타벅스,부산광역시,동래구
이디야,부산광역시,해운대구
이디야,부산광역시,북구
이디야,부산광역시,서구
스타벅스,부산광역시,사하구
빽다방,부산광역시,북구
빽다방,부산광역시,부산진구
스타벅스,부산광역시,금정구
이디야,부산광역시,사상구
스타벅스,부산광역시,중구
이디야,부산광역시,남구
커피빈,부산광역시,중구
스타벅스,부산광역시,강서구
이디야,부산광역시,부산진구
이디야,부산광역시,금정구
이디야,부산광역시,동래구
스타벅스,부산광역시,서구
이디야,부산광역시,기장군
스타벅스,부산광역시,북구
이디야,부산광역시,남구
스타벅스,부산광역시,해운대구
스타벅스,부산광역시,동래구
스타벅스,부산광역시,동구
빽다방,부산광역시,동래구
스타벅스,부산광역시,동구
스타벅스,부산광역시,강서구
스타벅스,부산광역시,기장군
빽다방,부산광역시,금정구
스타벅스,부산광역시,부산진구
스타벅스,부산광역시,연제구
스타벅스,부산광역시,사하구
스타벅스,부산광역시,강서구
이디야,부산광역시,기장군
이디야,부산광역시,중구
이디야,부산광역시,북구
스타벅스,부산광역시,해운대구
스타벅스,부산광역시,금정구
커피빈,부산광역시,해운대구
스타벅스,부산광역시,부산진구
스타벅스,부산광역시,해운대구
스타벅스,부산광역시,해운대구
이디야,부산광역시,남구
스타벅스,부산광역시,부산진구
스타벅스,부산광역시,중구
스타벅스,부산광역시,동구
스타벅스,부산광역시,금정구
빽다방,부산광역시,해운대구
이디야,부산광역시,해운대구
스타벅스,부산광역시,금정구
이디야,부산광역시,연제구
이디야,부산광역시,사상구
스타벅스,부산광역시,해운대구
빽다방,부산광역시,북구
스타벅스,부산광역시,해운대구
이디야,부산광역시,수영구
이디야,부산광역시,사상구
스타벅스,부산광역시,동래구
커피빈,부산광역시,북구
스타벅스,부산광역시,해운대구
이디야,부산광역시,북구
이디야,부산광역시,수영구
스타벅스,부산광역시,부산진구
커피빈,부산광역시,수영구
스타벅스,부산광역시,남구
스타벅스,부산광역시,해운대구
이디야,부산광역시,연제구
스타벅스,부산광역시,해운대구
이디야,부산광역시,남구
스타벅스,부산광역시,기장군
빽다방,부산광역시,중구
빽다방,부산광역시,남구
이디야,부산광역시,영도구
스타벅스,부산광역시,사하구
이디야,부산광역시,사하구
이디야,부산광역시,부산진구
이디야,부산광역시,동래구
이디야,부산광역시,사하구
이디야,부산광역시,강서구
이디야,부산광역시,동래구
스타벅스,부산광역시,기장군
스타벅스,부산광역시,해운대구
빽다방,부산광역시,북구
스타벅스,부산광역시,해운대구
이디야,부산광역시,동래구
이디야,부산광역시,연제구
이디야,부산광역시,연제구
커피빈,부산광역시,기장군
이디야,부산광역시,동래구
이디야,부산광역시,사하구
이디야,부산광역시,동래구
이디야,부산광역시,강서구
이디야,부산광역시,동래구
스타벅스,부산광역시,남구
이디야,부산광역시,연제구
이디야,부산광역시,부산진구
이디야,부산광역시,수영구
이디야,부산광역시,연제구
스타벅스,부산광역시,기장군
이디야,부산광역시,금정구
스타벅스,부산광역시,수영구
이디야,부산광역시,해운대구
스타벅스,부산광역시,수영구
이디야,부산광역시,북구
스타벅스,부산광역시,수영구
이디야,부산광역시,남구
이디야,부산광역시,기장군
빽다방,부산광역시,사하구
스타벅스,부산광역시,연제구
이디야,부산광역시,서구
스타벅스,부산광역시,해운대구
이디야,부산광역시,금정구
이디야,부산광역시,사하구
스타벅스,부산광역시,해운대구
이디야,부산광역시,남구
이디야,부산광역시,남구
이디야,부산광역시,동래구
커피빈,부산광역시,해운대구
이디야,부산광역시,사하구
스타벅스,부산광역시,남구
커피빈,부산광역시,해운대구
이디야,부산광역시,연제구
이디야,부산광역시,부산진구
커피빈,부산광역시,부산진구
이디야,부산광역시,사하구
이디야,부산광역시,영도구
이디야,부산광역시,기장군
커피빈,부산광역시,동구
스타벅스,부산광역시,금정구
스타벅스,부산광역시,해운대구
스타벅스,부산광역시,해운대구
스타벅스,부산광역시,해운대구
이디야,부산광역시,강서구
이디야,부산광역시,중구
스타벅스,부산광역시,남구
이디야,부산광역시,부산진구
스타벅스,부산광역시,중구
스타벅스,부산광역시,수영구
스타벅스,부산광역시,수영구
빽다방,부산광역시,중구
이디야,부산광역시,강서구
스타벅스,부산광역시,수영구
스타벅스,부산광역시,부산진구
스타벅스,부산광역시,부산진구
스타벅스,부산광역시,부산진구
이디야,부산광역시,남구
스타벅스,부산광역시,중구
이디야,부산광역시,강서구
스타벅스,부산광역시,부산진구
이디야,부산광역시,남구
빽다방,부산광역시,부산진구
이디야,부산광역시,동래구
커피빈,부산광역시,강서구
이디야,부산광역시,동구
이디야,부산광역시,해운대구
스타벅스,부산광역시,해운대구
이디야,부산광역시,금정구
이디야,부산광역시,동래구
이디야,부산광역시,기장군
이디야,부산광역시,금정구
스타벅스,부산광역시,부산진구
이디야,부산광역시,동래구
스타벅스,부산광역시,부산진구
스타벅스,부산광역시,금정구
스타벅스,부산광역시,해운대구
이디야,부산광역시,북구
이디야,부산광역시,해운대구
이디야,부산광역시,금정구
스타벅스,부산광역시,해운대구
스타벅스,부산광역시,사상구
스타벅스,부산광역시,해운대구
이디야,부산광역시,북구
스타벅스,부산광역시,연제구
이디야,부산광역시,강서구
이디야,부산광역시,남구
스타벅스,부산광역시,중구
이디야,부산광역시,강서구
스타벅스,부산광역시,금정구
스타벅스,부산광역시,해운대구
스타벅스,부산광역시,북구
이디야,부산광역시,부산진구
스타벅스,부산광역시,해운대구
스타벅스,부산광역시,사하구
스타벅스,부산광역시,해운대구
이디야,부산광역시,해운대구
스타벅스,부산광역시,해운대구
스타벅스,부산광역시,부산진구
스타벅스,부산광역시,연제구
이디야,부산광역시,수영구
스타벅스,부산광역시,사상구
이디야,부산광역시,중구
커피빈,부산광역시,중구
이디야,부산광역시,남구
이디야,부산광역시,북구
스타벅스,부산광역시,부산진구
스타벅스,부산광역시,부산진구
스타벅스,부산광역시,해운대구
빽다방,부산광역시,해운대구
스타벅스,부산광역시,중구
이디야,부산광역시,금정구
스타벅스,부산광역시,부산진구
스타벅스,부산광역시,부산진구
스타벅스,부산광역시,동래구
커피빈,부산광역시,해운대구
이디야,부산광역시,남구
스타벅스,부산광역시,사하구
스타벅스,부산광역시,중구
스타벅스,부산광역시,중구
이디야,부산광역시,부산진구
스타벅스,부산광역시,부산진구
이디야,부산광역시,부산진구
이디야,부산광역시,연제구
스타벅스,부산광역시,해운대구
이디야,부산광역시,동래구
이디야,부산광역시,강서구
스타벅스,부산광역시,영도구
커피빈,부산광역시,중구
이디야,부산광역시,사상구
스타벅스,부산광역시,남구
스타벅스,부산광역시,해운대구
이디야,부산광역시,동래구
스타벅스,부산광역시,금정구
커피빈,서울특별시,종로구
커피빈,서울특별시,관악구
이디야,서울특별시,영등포구
커피빈,서울특별시,강남구
커피빈,서울특별시,강남구
커피빈,서울특별시,강남구
이디야,서울특별시,영등포구
스타벅스,서울특별시,종로구
이디야,서울특별시,서초구
이디야,서울특별시,금천구
스타벅스,서울특별시,서초구
스타벅스,서울특별시,양천구
스타벅스,서울특별시,강북구
스타벅스,서울특별시,강남구
스타벅스,서울특별시,영등포구
이디야,서울특별시,구로구
스타벅스,서울특별시,중랑구
스타벅스,서울특별시,영등포구
스타벅스,서울특별시,마포구
스타벅스,서울특별시,강남구
이디야,서울특별시,동작구
커피빈,서울특별시,강남구
스타벅스,서울특별시,서초구
스타벅스,서울특별시,서초구
스타벅스,서울특별시,강남구
빽다방,서울특별시,마포구
스타벅스,서울특별시,구로구
커피빈,서울특별시,서초구
스타벅스,서울특별시,서초구
빽다방,서울특별시,서초구
커피빈,서울특별시,종로구
스타벅스,서울특별시,강남구
이디야,서울특별시,영등포구
스타벅스,서울특별시,구로구
스타벅스,서울특별시,종로구
스타벅스,서울특별시,강남구
스타벅스,서울특별시,강남구
스타벅스,서울특별시,강서구
이디야,서울특별시,서대문구
커피빈,서울특별시,종로구
커피빈,서울특별시,양천구
스타벅스,서울특별시,중구
스타벅스,서울특별시,서초구
커피빈,서울특별시,송파구
커피빈,서울특별시,강남구
스타벅스,서울특별시,서초구
이디야,서울특별시,금천구
이디야,서울특별시,용산구
스타벅스,서울특별시,서초구
스타벅스,서울특별시,성동구
스타벅스,서울특별시,중구
스타벅스,서울특별시,강서구
스타벅스,서울특별시,영등포구
이디야,서울특별시,강동구
이디야,서울특별시,중구
이디야,서울특별시,영등포구
이디야,서울특별시,마포구
스타벅스,서울특별시,강남구
스타벅스,서울특별시,종로구
스타벅스,서울특별시,강남구
스타벅스,서울특별시,성북구
스타벅스,서울특별시,중구
스타벅스,서울특별시,용산구
이디야,서울특별시,성북구
이디야,서울특별시,노원구
스타벅스,서울특별시,강서구
스타벅스,서울특별시,중구
스타벅스,서울특별시,강남구
스타벅스,서울특별시,관악구
빽다방,서울특별시,노원구
스타벅스,서울특별시,관악구
스타벅스,서울특별시,서초구
이디야,서울특별시,서초구
스타벅스,서울특별시,영등포구
이디야,서울특별시,강북구
스타벅스,서울특별시,강서구
스타벅스,서울특별시,마포구
스타벅스,서울특별시,중구
이디야,서울특별시,성북구
스타벅스,서울특별시,강남구
커피빈,서울특별시,서대문구
스타벅스,서울특별시,성북구
스타벅스,서울특별시,용산구
커피빈,서울특별시,서초구
스타벅스,서울특별시,강남구
스타벅스,서울특별시,종로구
커피빈,서울특별시,강남구
커피빈,서울특별시,서초구
스타벅스,서울특별시,은평구
스타벅스,서울특별시,강남구
스타벅스,서울특별시,서대문구
스타벅스,서울특별시,구로구
스타벅스,서울특별시,동작구
스타벅스,서울특별시,영등포구
스타벅스,서울특별시,용산구
이디야,서울특별시,동작구
스타벅스,서울특별시,강남구
이디야,서울특별시,성북구
스타벅스,서울특별시,종로구
스타벅스,서울특별시,중구
스타벅스,서울특별시,광진구
커피빈,서울특별시,용산구
스타벅스,서울특별시,마포구
스타벅스,서울특별시,강남구
스타벅스,서울특별시,서초구
스타벅스,서울특별시,종로구
커피빈,서울특별시,강남구
스타벅스,서울특별시,서초구
스타벅스,서울특별시,강남구
커피빈,서울특별시,강남구
스타벅스,서울특별시,영등포구
스타벅스,서울특별시,강남구
스타벅스,서울특별시,강동구
커피빈,서울특별시,노원구
이디야,서울특별시,송파구
스타벅스,서울특별시,광진구
스타벅스,서울특별시,광진구
스타벅스,서울특별시,강동구
커피빈,서울특별시,강남구
스타벅스,서울특별시,마포구
커피빈,서울특별시,중구
스타벅스,서울특별시,강남구
빽다방,서울특별시,성북구
스타벅스,서울특별시,광진구
커피빈,서울특별시,은평구
스타벅스,서울특별시,용산구
빽다방,서울특별시,관악구
스타벅스,서울특별시,강서구
스타벅스,서울특별시,양천구
이디야,서울특별시,노원구
스타벅스,서울특별시,송파구
커피빈,서울특별시,마포구
이디야,서울특별시,광진구
스타벅스,서울특별시,양천구
스타벅스,서울특별시,구로구
커피빈,서울특별시,강남구
스타벅스,서울특별시,영등포구
스타벅스,서울특별시,서대문구
스타벅스,서울특별시,마포구
커피빈,서울특별시,구로구
스타벅스,서울특별시,종로구
스타벅스,서울특별시,강남구
이디야,서울특별시,송파구
커피빈,서울특별시,영등포구
스타벅스,서울특별시,서초구
스타벅스,서울특별시,노원구
커피빈,서울특별시,양천구
빽다방,서울특별시,송파구
이디야,서울특별시,강북구
이디야,서울특별시,강동구
이디야,서울특별시,강북구
이디야,서울특별시,구로구
이디야,서울특별시,강서구
커피빈,서울특별시,서초구
이디야,서울특별시,용산구
이디야,서울특별시,금천구
스타벅스,서울특별시,중구
스타벅스,서울특별시,강남구
이디야,서울특별시,강서구
이디야,서울특별시,관악구
커피빈,서울특별시,서초구
이디야,서울특별시,광진구
빽다방,서울특별시,강서구
스타벅스,서울특별시,영등포구
스타벅스,서울특별시,서초구
이디야,서울특별시,은평구
이디야,서울특별시,동작구
빽다방,서울특별시,용산구
스타벅스,서울특별시,송파구
이디야,서울특별시,양천구
스타벅스,서울특별시,마포구
커피빈,서울특별시,서초구
커피빈,서울특별시,강서구
이디야,서울특별시,양천구
이디야,서울특별시,송파구
커피빈,서울특별시,강남구
스타벅스,서울특별시,송파구
스타벅스,서울특별시,강남구
이디야,서울특별시,중랑구
커피빈,서울특별시,강남구
스타벅스,서울특별시,강남구
스타벅스,서울특별시,마포구
빽다방,서울특별시,성동구
빽다방,서울특별시,서초구
이디야,서울특별시,성동구
스타벅스,서울특별시,영등포구
빽다방,서울특별시,종로구
스타벅스,서울특별시,양천구
이디야,서울특별시,성북구
빽다방,서울특별시,성북구
빽다방,서울특별시,강동구
이디야,서울특별시,영등포구
빽다방,서울특별시,중랑구
빽다방,서울특별시,중구
빽다방,서울특별시,서초구
빽다방,서울특별시,노원구
빽다방,서울특별시,성북구
빽다방,서울특별시,노원구
빽다방,서울특별시,성북구
이디야,서울특별시,성북구
스타벅스,서울특별시,강동구
이디야,서울특별시,마포구
이디야,서울특별시,종로구
스타벅스,서울특별시,서초구
스타벅스,서울특별시,강남구
빽다방,서울특별시,광진구
커피빈,서울특별시,강남구
커피빈,서울특별시,서초구
스타벅스,서울특별시,종로구
이디야,서울특별시,중랑구
스타벅스,서울특별시,중구
이디야,서울특별시,강남구
스타벅스,서울특별시,서초구
스타벅스,서울특별시,강동구
스타벅스,서울특별시,용산구
빽다방,서울특별시,동작구
이디야,서울특별시,성동구
이디야,서울특별시,영등포구
이디야,서울특별시,영등포구
이디야,서울특별시,강서구
이디야,서울특별시,동대문구
스타벅스,서울특별시,종로구
커피빈,서울특별시,서초구
스타벅스,서울특별시,중랑구
커피빈,서울특별시,강동구
스타벅스,서울특별시,성동구
커피빈,서울특별시,광진구
이디야,서울특별시,송파구
스타벅스,서울특별시,강남구
스타벅스,서울특별시,용산구
이디야,서울특별시,용산구
이디야,서울특별시,서대문구
이디야,서울특별시,강서구
이디야,서울특별시,강서구
이디야,서울특별시,마포구
스타벅스,서울특별시,중구
스타벅스,서울특별시,종로구
빽다방,서울특별시,마포구
스타벅스,서울특별시,송파구
스타벅스,서울특별시,동대문구
스타벅스,서울특별시,마포구
스타벅스,서울특별시,광진구
빽다방,서울특별시,강동구
커피빈,서울특별시,영등포구
스타벅스,서울특별시,강서구
이디야,서울특별시,서대문구
이디야,서울특별시,영등포구
이디야,서울특별시,마포구
이디야,서울특별시,도봉구
커피빈,서울특별시,종로구
스타벅스,서울특별시,노원구
스타벅스,서울특별시,종로구
이디야,서울특별시,강동구
스타벅스,서울특별시,중구
이디야,서울특별시,구로구
스타벅스,서울특별시,중구
스타벅스,서울특별시,서대문구
스타벅스,서울특별시,중구
이디야,서울특별시,강동구
이디야,서울특별시,마포구
스타벅스,서울특별시,노원구
이디야,서울특별시,영등포구
스타벅스,서울특별시,양천구
스타벅스,서울특별시,성북구
이디야,서울특별시,서초구
이디야,서울특별시,송파구
이디야,서울특별시,중랑구
스타벅스,서울특별시,서대문구
스타벅스,서울특별시,중구
이디야,서울특별시,강서구
빽다방,서울특별시,구로구
빽다방,서울특별시,강남구
스타벅스,서울특별시,양천구
스타벅스,서울특별시,마포구
빽다방,서울특별시,성북구
빽다방,서울특별시,송파구
스타벅스,서울특별시,서초구
이디야,서울특별시,양천구
스타벅스,서울특별시,금천구
빽다방,서울특별시,강남구
스타벅스,서울특별시,동작구
스타벅스,서울특별시,관악구
스타벅스,서울특별시,강남구
빽다방,서울특별시,은평구
스타벅스,서울특별시,마포구
스타벅스,서울특별시,영등포구
빽다방,서울특별시,광진구
스타벅스,서울특별시,강동구
스타벅스,서울특별시,영등포구
스타벅스,서울특별시,영등포구
스타벅스,서울특별시,도봉구
스타벅스,서울특별시,광진구
이디야,서울특별시,중랑구
스타벅스,서울특별시,중구
스타벅스,서울특별시,성북구
스타벅스,서울특별시,금천구
스타벅스,서울특별시,종로구
스타벅스,서울특별시,서초구
커피빈,서울특별시,마포구
스타벅스,서울특별시,광진구
스타벅스,서울특별시,강남구
스타벅스,서울특별시,중구
스타벅스,서울특별시,중랑구
스타벅스,서울특별시,강남구
빽다방,서울특별시,강동구
이디야,서울특별시,용산구
이디야,서울특별시,성북구
스타벅스,서울특별시,동작구
스타벅스,서울특별시,도봉구
스타벅스,서울특별시,마포구
이디야,서울특별시,구로구
이디야,서울특별시,광진구
스타벅스,서울특별시,중구
이디야,서울특별시,중구
커피빈,서울특별시,종로구
스타벅스,서울특별시,서초구
이디야,서울특별시,송파구
스타벅스,서울특별시,송파구
이디야,서울특별시,구로구
이디야,서울특별시,노원구
스타벅스,서울특별시,강남구
이디야,서울특별시,종로구
이디야,서울특별시,노원구
이디야,서울특별시,영등포구
이디야,서울특별시,동작구
스타벅스,서울특별시,금천구
스타벅스,서울특별시,금천구
스타벅스,서울특별시,중구
이디야,서울특별시,중구
스타벅스,서울특별시,노원구
스타벅스,서울특별시,광진구
이디야,서울특별시,마포구
스타벅스,서울특별시,양천구
이디야,서울특별시,송파구
스타벅스,서울특별시,성북구
이디야,서울특별시,서초구
스타벅스,서울특별시,마포구
이디야,서울특별시,중랑구
이디야,서울특별시,송파구
스타벅스,서울특별시,중구
스타벅스,서울특별시,영등포구
스타벅스,서울특별시,송파구
이디야,서울특별시,강서구
스타벅스,서울특별시,서초구
이디야,서울특별시,관악구
스타벅스,서울특별시,구로구
커피빈,서울특별시,서대문구
스타벅스,서울특별시,광진구
이디야,서울특별시,강서구
이디야,서울특별시,관악구
커피빈,서울특별시,동대문구
스타벅스,서울특별시,종로구
이디야,서울특별시,서대문구
이디야,서울특별시,동대문구
빽다방,서울특별시,강서구
스타벅스,서울특별시,강남구
스타벅스,서울특별시,강남구
이디야,서울특별시,중구
스타벅스,서울특별시,서대문구
빽다방,서울특별시,강남구
커피빈,서울특별시,강남구
이디야,서울특별시,강동구
스타벅스,서울특별시,송파구
이디야,서울특별시,강남구
이디야,서울특별시,강남구
커피빈,서울특별시,영등포구
이디야,서울특별시,강서구
스타벅스,서울특별시,영등포구
커피빈,서울특별시,광진구
스타벅스,서울특별시,중구
스타벅스,서울특별시,영등포구
빽다방,서울특별시,중구
커피빈,서울특별시,강남구
스타벅스,서울특별시,성북구
빽다방,서울특별시,강동구
커피빈,서울특별시,강남구
이디야,서울특별시,노원구
스타벅스,서울특별시,금천구
스타벅스,서울특별시,중구
빽다방,서울특별시,서대문구
이디야,서울특별시,양천구
스타벅스,서울특별시,용산구
빽다방,서울특별시,서대문구
스타벅스,서울특별시,강서구
이디야,서울특별시,관악구
스타벅스,서울특별시,동대문구
스타벅스,서울특별시,성북구
스타벅스,서울특별시,송파구
이디야,서울특별시,노원구
이디야,서울특별시,강북구
스타벅스,서울특별시,강서구
스타벅스,서울특별시,금천구
스타벅스,서울특별시,강동구
이디야,서울특별시,강서구
스타벅스,서울특별시,양천구
스타벅스,서울특별시,송파구
빽다방,서울특별시,송파구
스타벅스,서울특별시,영등포구
이디야,서울특별시,구로구
스타벅스,서울특별시,동대문구
이디야,서울특별시,마포구
스타벅스,서울특별시,성북구
이디야,서울특별시,서초구
이디야,서울특별시,강서구
이디야,서울특별시,종로구
이디야,서울특별시,금천구
이디야,서울특별시,서초구
이디야,서울특별시,노원구
커피빈,서울특별시,광진구
빽다방,서울특별시,성동구
이디야,서울특별시,관악구
커피빈,서울특별시,마포구
스타벅스,서울특별시,송파구
이디야,서울특별시,은평구
이디야,서울특별시,성북구
이디야,서울특별시,강서구
이디야,서울특별시,영등포구
빽다방,서울특별시,중랑구
커피빈,서울특별시,마포구
이디야,서울특별시,구로구
커피빈,서울특별시,강남구
이디야,서울특별시,강동구
스타벅스,서울특별시,마포구
이디야,서울특별시,서대문구
빽다방,서울특별시,강서구
스타벅스,서울특별시,강남구
커피빈,서울특별시,서초구
이디야,서울특별시,중구
스타벅스,서울특별시,중구
빽다방,서울특별시,구로구
스타벅스,서울특별시,송파구
스타벅스,서울특별시,중구
스타벅스,서울특별시,용산구
이디야,서울특별시,도봉구
이디야,서울특별시,성동구
이디야,서울특별시,강북구
이디야,서울특별시,서초구
이디야,서울특별시,구로구
스타벅스,서울특별시,강동구
이디야,서울특별시,강남구
스타벅스,서울특별시,광진구
이디야,서울특별시,관악구
스타벅스,서울특별시,영등포구
스타벅스,서울특별시,관악구
이디야,서울특별시,강동구
스타벅스,서울특별시,강서구
이디야,서울특별시,광진구
이디야,서울특별시,강서구
이디야,서울특별시,양천구
이디야,서울특별시,강서구
이디야,서울특별시,구로구
커피빈,서울특별시,강동구
스타벅스,서울특별시,서초구
빽다방,서울특별시,광진구
커피빈,서울특별시,강서구
이디야,서울특별시,송파구
이디야,서울특별시,강북구
이디야,서울특별시,강서구
이디야,서울특별시,송파구
커피빈,서울특별시,동대문구
이디야,서울특별시,동작구
스타벅스,서울특별시,중구
이디야,서울특별시,마포구
스타벅스,서울특별시,종로구
이디야,서울특별시,광진구
커피빈,서울특별시,강남구
이디야,서울특별시,중랑구
커피빈,서울특별시,양천구
스타벅스,서울특별시,강남구
이디야,서울특별시,관악구
이디야,서울특별시,성북구
스타벅스,서울특별시,마포구
이디야,서울특별시,강서구
빽다방,서울특별시,중구
이디야,서울특별시,강남구
스타벅스,서울특별시,강남구
이디야,서울특별시,노원구
이디야,서울특별시,강북구
스타벅스,서울특별시,강남구
스타벅스,서울특별시,금천구
이디야,서울특별시,마포구
스타벅스,서울특별시,강서구
스타벅스,서울특별시,송파구
이디야,서울특별시,서대문구
이디야,서울특별시,중구
스타벅스,서울특별시,마포구
이디야,서울특별시,성동구
스타벅스,서울특별시,중구
이디야,서울특별시,마포구
빽다방,서울특별시,강동구
이디야,서울특별시,양천구
스타벅스,서울특별시,중구
스타벅스,서울특별시,중구
이디야,서울특별시,영등포구
이디야,서울특별시,성북구
스타벅스,서울특별시,동작구
이디야,서울특별시,은평구
스타벅스,서울특별시,구로구
이디야,서울특별시,종로구
이디야,서울특별시,영등포구
스타벅스,서울특별시,종로구
이디야,서울특별시,금천구
스타벅스,서울특별시,마포구
이디야,서울특별시,영등포구
스타벅스,서울특별시,중구
이디야,서울특별시,강남구
빽다방,서울특별시,관악구
스타벅스,서울특별시,중구
이디야,서울특별시,양천구
이디야,서울특별시,구로구
스타벅스,서울특별시,영등포구
이디야,서울특별시,강북구
커피빈,서울특별시,종로구
이디야,서울특별시,동작구
스타벅스,서울특별시,강남구
이디야,서울특별시,서초구
이디야,서울특별시,송파구
이디야,서울특별시,구로구
이디야,서울특별시,서대문구
이디야,서울특별시,중구
이디야,서울특별시,동대문구
빽다방,서울특별시,동대문구
빽다방,서울특별시,은평구
커피빈,서울특별시,송파구
이디야,서울특별시,중랑구
커피빈,서울특별시,강남구
커피빈,서울특별시,강남구
이디야,서울특별시,도봉구
스타벅스,서울특별시,중구
스타벅스,서울특별시,영등포구
스타벅스,서울특별시,영등포구
이디야,서울특별시,강남구
이디야,서울특별시,은평구
이디야,서울특별시,도봉구
이디야,서울특별시,성북구
빽다방,서울특별시,성북구
이디야,서울특별시,용산구
스타벅스,서울특별시,동작구
이디야,서울특별시,동대문구
이디야,서울특별시,영등포구
커피빈,서울특별시,강남구
커피빈,서울특별시,강서구
이디야,서울특별시,은평구
커피빈,서울특별시,은평구
스타벅스,서울특별시,종로구
이디야,서울특별시,성북구
빽다방,서울특별시,강동구
이디야,서울특별시,종로구
이디야,서울특별시,강북구
스타벅스,서울특별시,광진구
커피빈,서울특별시,서초구
이디야,서울특별시,영등포구
이디야,서울특별시,송파구
이디야,서울특별시,송파구
이디야,서울특별시,송파구
이디야,서울특별시,송파구
이디야,서울특별시,송파구
빽다방,서울특별시,관악구
이디야,서울특별시,관악구
스타벅스,서울특별시,강남구
이디야,서울특별시,강동구
빽다방,서울특별시,노원구
스타벅스,서울특별시,송파구
커피빈,서울특별시,강남구
이디야,서울특별시,강남구
이디야,서울특별시,동대문구
스타벅스,서울특별시,서대문구
스타벅스,서울특별시,금천구
이디야,서울특별시,은평구
스타벅스,서울특별시,강남구
커피빈,서울특별시,강남구
스타벅스,서울특별시,강남구
이디야,서울특별시,동대문구
스타벅스,서울특별시,서대문구
커피빈,서울특별시,중구
커피빈,서울특별시,서초구
스타벅스,서울특별시,서초구
스타벅스,서울특별시,관악구
스타벅스,서울특별시,강남구
스타벅스,서울특별시,송파구
이디야,서울특별시,은평구
빽다방,서울특별시,서초구
커피빈,서울특별시,강남구
이디야,서울특별시,은평구
빽다방,서울특별시,광진구
빽다방,서울특별시,영등포구
빽다방,서울특별시,금천구
이디야,서울특별시,노원구
이디야,서울특별시,성북구
빽다방,서울특별시,영등포구
빽다방,서울특별시,성북구
이디야,서울특별시,송파구
빽다방,서울특별시,영등포구
빽다방,서울특별시,구로구
이디야,서울특별시,양천구
이디야,서울특별시,노원구
이디야,서울특별시,강남구
스타벅스,서울특별시,은평구
이디야,서울특별시,마포구
스타벅스,서울특별시,성북구
이디야,서울특별시,금천구
빽다방,서울특별시,구로구
이디야,서울특별시,마포구
빽다방,서울특별시,관악구
빽다방,서울특별시,동대문구
빽다방,서울특별시,강동구
이디야,서울특별시,금천구
스타벅스,서울특별시,마포구
커피빈,서울특별시,강동구
스타벅스,서울특별시,영등포구
스타벅스,서울특별시,강북구
스타벅스,서울특별시,송파구
빽다방,서울특별시,강서구
빽다방,서울특별시,은평구
스타벅스,서울특별시,양천구
이디야,서울특별시,중구
이디야,서울특별시,마포구
스타벅스,서울특별시,용산구
이디야,서울특별시,도봉구
이디야,서울특별시,광진구
이디야,서울특별시,송파구
빽다방,서울특별시,은평구
스타벅스,서울특별시,강서구
이디야,서울특별시,강서구
스타벅스,서울특별시,송파구
스타벅스,서울특별시,중구
빽다방,서울특별시,노원구
스타벅스,서울특별시,노원구
빽다방,서울특별시,강북구
스타벅스,서울특별시,송파구
스타벅스,서울특별시,강남구
이디야,서울특별시,광진구
빽다방,서울특별시,마포구
이디야,서울특별시,서대문구
스타벅스,서울특별시,영등포구
빽다방,서울특별시,은평구
빽다방,서울특별시,강남구
이디야,서울특별시,성북구
커피빈,서울특별시,종로구
스타벅스,서울특별시,마포구
이디야,서울특별시,강남구
커피빈,서울특별시,종로구
이디야,서울특별시,영등포구
이디야,서울특별시,서대문구
이디야,서울특별시,서초구
스타벅스,서울특별시,강남구
스타벅스,서울특별시,종로구
이디야,서울특별시,강서구
커피빈,서울특별시,송파구
스타벅스,서울특별시,관악구
스타벅스,서울특별시,중구
커피빈,서울특별시,성북구
커피빈,서울특별시,송파구
커피빈,서울특별시,강남구
스타벅스,서울특별시,금천구
이디야,서울특별시,강서구
이디야,서울특별시,도봉구
이디야,서울특별시,송파구
스타벅스,서울특별시,송파구
이디야,서울특별시,성동구
이디야,서울특별시,강남구
이디야,서울특별시,금천구
이디야,서울특별시,강남구
스타벅스,서울특별시,중구
이디야,서울특별시,성북구
스타벅스,서울특별시,은평구
빽다방,서울특별시,강남구
이디야,서울특별시,마포구
스타벅스,서울특별시,서초구
이디야,서울특별시,송파구
이디야,서울특별시,금천구
이디야,서울특별시,강남구
커피빈,서울특별시,강남구
커피빈,서울특별시,종로구
커피빈,서울특별시,서초구
스타벅스,서울특별시,구로구
스타벅스,서울특별시,은평구
커피빈,서울특별시,강남구
커피빈,서울특별시,강남구
커피빈,서울특별시,중랑구
스타벅스,서울특별시,강남구
이디야,서울특별시,영등포구
스타벅스,서울특별시,강동구
이디야,서울특별시,관악구
이디야,서울특별시,서초구
이디야,서울특별시,동대문구
스타벅스,서울특별시,용산구
이디야,서울특별시,마포구
스타벅스,서울특별시,강서구
스타벅스,서울특별시,서대문구
스타벅스,서울특별시,송파구
커피빈,서울특별시,종로구
커피빈,서울특별시,용산구
이디야,서울특별시,관악구
스타벅스,서울특별시,동작구
스타벅스,서울특별시,구로구
이디야,서울특별시,양천구
이디야,서울특별시,강남구
커피빈,서울특별시,강남구
이디야,서울특별시,관악구
스타벅스,서울특별시,서초구
스타벅스,서울특별시,송파구
스타벅스,서울특별시,서대문구
이디야,서울특별시,강서구
커피빈,서울특별시,관악구
이디야,서울특별시,서대문구
커피빈,서울특별시,강남구
스타벅스,서울특별시,은평구
스타벅스,서울특별시,광진구
스타벅스,서울특별시,송파구
스타벅스,서울특별시,중구
빽다방,서울특별시,광진구
빽다방,서울특별시,강서구
빽다방,서울특별시,마포구
스타벅스,서울특별시,서초구
이디야,서울특별시,강동구
빽다방,서울특별시,강남구
빽다방,서울특별시,성동구
스타벅스,서울특별시,서대문구
스타벅스,서울특별시,용산구
빽다방,서울특별시,관악구
스타벅스,서울특별시,중랑구
빽다방,서울특별시,영등포구
이디야,서울특별시,관악구
스타벅스,서울특별시,성북구
스타벅스,서울특별시,송파구
커피빈,서울특별시,중구
커피빈,서울특별시,강서구
스타벅스,서울특별시,강동구
스타벅스,서울특별시,관악구
빽다방,서울특별시,도봉구
스타벅스,서울특별시,동대문구
스타벅스,서울특별시,관악구
빽다방,서울특별시,동대문구
커피빈,서울특별시,서초구
스타벅스,서울특별시,용산구
스타벅스,서울특별시,강남구
커피빈,서울특별시,강동구
스타벅스,서울특별시,동작구
스타벅스,서울특별시,송파구
스타벅스,서울특별시,송파구
스타벅스,서울특별시,서초구
스타벅스,서울특별시,성북구
커피빈,서울특별시,영등포구
스타벅스,서울특별시,성동구
스타벅스,서울특별시,동대문구
스타벅스,서울특별시,강남구
스타벅스,서울특별시,서대문구
스타벅스,서울특별시,관악구
이디야,서울특별시,송파구
스타벅스,서울특별시,마포구
커피빈,서울특별시,중구
스타벅스,서울특별시,강동구
스타벅스,서울특별시,노원구
스타벅스,서울특별시,서초구
스타벅스,서울특별시,서대문구
커피빈,서울특별시,강동구
이디야,서울특별시,성동구
커피빈,서울특별시,강남구
이디야,서울특별시,용산구
이디야,서울특별시,양천구
스타벅스,서울특별시,강남구
이디야,서울특별시,용산구
이디야,서울특별시,강서구
스타벅스,서울특별시,강남구
스타벅스,서울특별시,종로구
이디야,서울특별시,금천구
커피빈,서울특별시,강남구
커피빈,서울특별시,서초구
이디야,서울특별시,마포구
이디야,서울특별시,강남구
스타벅스,서울특별시,중랑구
빽다방,서울특별시,송파구
스타벅스,서울특별시,마포구
이디야,서울특별시,노원구
이디야,서울특별시,관악구
스타벅스,서울특별시,강남구
스타벅스,서울특별시,강남구
이디야,서울특별시,성동구
이디야,서울특별시,송파구
스타벅스,서울특별시,서초구
스타벅스,서울특별시,종로구
이디야,서울특별시,용산구
이디야,서울특별시,성동구
이디야,서울특별시,강동구
스타벅스,서울특별시,동대문구
스타벅스,서울특별시,서대문구
이디야,서울특별시,성동구
이디야,서울특별시,강남구
이디야,서울특별시,영등포구
이디야,서울특별시,노원구
커피빈,서울특별시,송파구
커피빈,서울특별시,강남구
이디야,서울특별시,구로구
스타벅스,서울특별시,서초구
이디야,서울특별시,노원구
스타벅스,서울특별시,중구
스타벅스,서울특별시,강서구
커피빈,서울특별시,동대문구
빽다방,서울특별시,강서구
커피빈,서울특별시,노원구
이디야,서울특별시,강서구
스타벅스,서울특별시,양천구
스타벅스,서울특별시,동작구
스타벅스,서울특별시,종로구
스타벅스,서울특별시,강남구
스타벅스,서울특별시,강남구
커피빈,서울특별시,동작구
스타벅스,서울특별시,영등포구
이디야,서울특별시,구로구
이디야,서울특별시,강서구
이디야,서울특별시,강서구
커피빈,서울특별시,강남구
커피빈,서울특별시,영등포구
스타벅스,서울특별시,강남구
커피빈,서울특별시,양천구
스타벅스,서울특별시,중구
스타벅스,서울특별시,광진구
스타벅스,서울특별시,양천구
커피빈,서울특별시,서초구
이디야,서울특별시,관악구
이디야,서울특별시,마포구
이디야,서울특별시,구로구
이디야,서울특별시,강서구
커피빈,서울특별시,서초구
이디야,서울특별시,동작구
이디야,서울특별시,동대문구
이디야,서울특별시,종로구
이디야,서울특별시,서초구
이디야,서울특별시,송파구
커피빈,서울특별시,영등포구
커피빈,서울특별시,강남구
이디야,서울특별시,성북구
커피빈,서울특별시,서초구
스타벅스,서울특별시,종로구
스타벅스,서울특별시,강남구
스타벅스,서울특별시,강북구
스타벅스,서울특별시,강남구
커피빈,서울특별시,중구
스타벅스,서울특별시,마포구
이디야,서울특별시,동대문구
커피빈,서울특별시,구로구
빽다방,서울특별시,영등포구
커피빈,서울특별시,종로구
이디야,서울특별시,양천구
이디야,서울특별시,은평구
이디야,서울특별시,강동구
스타벅스,서울특별시,강남구
이디야,서울특별시,중구
이디야,서울특별시,마포구
이디야,서울특별시,강남구
이디야,서울특별시,종로구
스타벅스,서울특별시,서초구
스타벅스,서울특별시,광진구
이디야,서울특별시,중랑구
이디야,서울특별시,양천구
이디야,서울특별시,금천구
스타벅스,서울특별시,종로구
이디야,서울특별시,동대문구
이디야,서울특별시,은평구
이디야,서울특별시,서초구
스타벅스,서울특별시,서대문구
이디야,서울특별시,은평구
이디야,서울특별시,광진구
이디야,서울특별시,강서구
빽다방,서울특별시,관악구
이디야,서울특별시,노원구
스타벅스,서울특별시,서대문구
이디야,서울특별시,강남구
커피빈,서울특별시,성북구
이디야,서울특별시,중구
커피빈,서울특별시,서초구
커피빈,서울특별시,강남구
스타벅스,서울특별시,관악구
커피빈,서울특별시,서대문구
이디야,서울특별시,관악구
이디야,서울특별시,관악구
커피빈,서울특별시,서대문구
이디야,서울특별시,서초구
커피빈,서울특별시,서초구
이디야,서울특별시,동대문구
스타벅스,서울특별시,강남구
커피빈,서울특별시,마포구
스타벅스,서울특별시,관악구
스타벅스,서울특별시,송파구
스타벅스,서울특별시,종로구
스타벅스,서울특별시,성동구
스타벅스,서울특별시,종로구
스타벅스,서울특별시,금천구
이디야,서울특별시,성동구
이디야,서울특별시,중구
이디야,서울특별시,양천구
스타벅스,서울특별시,용산구
이디야,서울특별시,양천구
스타벅스,서울특별시,강남구
스타벅스,서울특별시,서초구
스타벅스,서울특별시,강서구
커피빈,서울특별시,강남구
스타벅스,서울특별시,노원구
이디야,서울특별시,금천구
이디야,서울특별시,동대문구
이디야,서울특별시,관악구
커피빈,서울특별시,서초구
이디야,서울특별시,강서구
커피빈,서울특별시,강남구
이디야,서울특별시,광진구
이디야,서울특별시,종로구
이디야,서울특별시,은평구
커피빈,서울특별시,성북구
이디야,서울특별시,은평구
스타벅스,서울특별시,서초구
스타벅스,서울특별시,송파구
빽다방,서울특별시,중구
빽다방,서울특별시,구로구
스타벅스,서울특별시,강서구
이디야,서울특별시,강서구
커피빈,서울특별시,강남구
스타벅스,서울특별시,영등포구
스타벅스,서울특별시,영등포구
커피빈,서울특별시,종로구
이디야,서울특별시,동대문구
이디야,서울특별시,구로구
스타벅스,서울특별시,강남구
스타벅스,서울특별시,서초구
이디야,서울특별시,강서구
커피빈,서울특별시,마포구
스타벅스,서울특별시,마포구
스타벅스,서울특별시,은평구
이디야,서울특별시,관악구
이디야,서울특별시,노원구
스타벅스,서울특별시,강남구
이디야,서울특별시,중랑구
이디야,서울특별시,송파구
이디야,서울특별시,관악구
빽다방,서울특별시,강서구
스타벅스,서울특별시,서초구
이디야,서울특별시,은평구
이디야,서울특별시,도봉구
커피빈,서울특별시,강서구
스타벅스,서울특별시,성북구
스타벅스,서울특별시,서초구
이디야,서울특별시,금천구
스타벅스,서울특별시,동대문구
스타벅스,서울특별시,송파구
스타벅스,서울특별시,서대문구
이디야,서울특별시,광진구
이디야,서울특별시,노원구
스타벅스,서울특별시,중구
스타벅스,서울특별시,서대문구
이디야,서울특별시,동작구
스타벅스,서울특별시,강북구
스타벅스,서울특별시,강남구
스타벅스,서울특별시,강남구
스타벅스,서울특별시,강남구
스타벅스,서울특별시,동작구
스타벅스,서울특별시,강남구
빽다방,서울특별시,종로구
이디야,서울특별시,서대문구
이디야,서울특별시,강남구
이디야,서울특별시,은평구
이디야,서울특별시,성동구
스타벅스,서울특별시,노원구
이디야,서울특별시,광진구
이디야,서울특별시,성북구
이디야,서울특별시,마포구
스타벅스,서울특별시,동작구
이디야,서울특별시,강서구
커피빈,서울특별시,금천구
커피빈,서울특별시,마포구
스타벅스,서울특별시,광진구
빽다방,서울특별시,은평구
스타벅스,서울특별시,강서구
이디야,서울특별시,강북구
스타벅스,서울특별시,중랑구
커피빈,서울특별시,용산구
이디야,서울특별시,강남구
커피빈,서울특별시,서초구
스타벅스,서울특별시,중구
커피빈,서울특별시,종로구
커피빈,서울특별시,송파구
이디야,서울특별시,중구
스타벅스,서울특별시,마포구
커피빈,서울특별시,성동구
빽다방,서울특별시,용산구
스타벅스,서울특별시,강동구
이디야,서울특별시,종로구
스타벅스,서울특별시,마포구
이디야,서울특별시,성동구
이디야,서울특별시,구로구
이디야,서울특별시,송파구
이디야,서울특별시,성북구
빽다방,서울특별시,서대문구
스타벅스,서울특별시,송파구
이디야,서울특별시,송파구
스타벅스,서울특별시,용산구
스타벅스,서울특별시,송파구
스타벅스,서울특별시,강동구
스타벅스,서울특별시,송파구
스타벅스,서울특별시,종로구
이디야,서울특별시,강서구
스타벅스,서울특별시,송파구
스타벅스,서울특별시,중구
스타벅스,서울특별시,강남구
스타벅스,서울특별시,용산구
스타벅스,서울특별시,동작구
이디야,서울특별시,강동구
이디야,서울특별시,구로구
스타벅스,서울특별시,금천구
이디야,서울특별시,은평구
이디야,서울특별시,용산구
이디야,서울특별시,관악구
빽다방,서울특별시,관악구
스타벅스,서울특별시,강남구
스타벅스,서울특별시,성북구
스타벅스,서울특별시,노원구
스타벅스,서울특별시,구로구
스타벅스,서울특별시,송파구
이디야,서울특별시,강동구
스타벅스,서울특별시,강남구
이디야,서울특별시,노원구
스타벅스,서울특별시,중구
이디야,서울특별시,금천구
스타벅스,서울특별시,강남구
커피빈,서울특별시,영등포구
빽다방,서울특별시,노원구
스타벅스,서울특별시,성북구
이디야,서울특별시,강남구
커피빈,서울특별시,중구
이디야,서울특별시,송파구
이디야,서울특별시,마포구
스타벅스,서울특별시,강남구
스타벅스,서울특별시,강남구
스타벅스,서울특별시,마포구
이디야,서울특별시,강서구
스타벅스,서울특별시,영등포구
이디야,서울특별시,영등포구
이디야,서울특별시,종로구
스타벅스,서울특별시,강남구
이디야,서울특별시,마포구
스타벅스,서울특별시,강북구
이디야,서울특별시,강동구
스타벅스,서울특별시,노원구
이디야,서울특별시,동작구
스타벅스,서울특별시,강남구
커피빈,서울특별시,금천구
이디야,서울특별시,도봉구
스타벅스,서울특별시,서초구
스타벅스,서울특별시,서초구
이디야,서울특별시,동대문구
빽다방,서울특별시,송파구
스타벅스,서울특별시,종로구
이디야,서울특별시,도봉구
이디야,서울특별시,금천구
빽다방,서울특별시,강남구
스타벅스,서울특별시,강남구
이디야,서울특별시,강남구
이디야,서울특별시,송파구
스타벅스,서울특별시,강남구
커피빈,서울특별시,송파구
스타벅스,서울특별시,송파구
이디야,서울특별시,영등포구
이디야,서울특별시,종로구
이디야,서울특별시,광진구
이디야,서울특별시,용산구
빽다방,서울특별시,강서구
커피빈,서울특별시,서초구
스타벅스,서울특별시,마포구
이디야,서울특별시,동작구
스타벅스,서울특별시,서초구
이디야,서울특별시,금천구
스타벅스,서울특별시,중구
스타벅스,서울특별시,동대문구
스타벅스,서울특별시,서초구
이디야,서울특별시,중랑구
이디야,서울특별시,서초구
이디야,서울특별시,강남구
스타벅스,서울특별시,중구
빽다방,서울특별시,마포구
빽다방,서울특별시,강남구
스타벅스,서울특별시,서초구
이디야,서울특별시,은평구
스타벅스,서울특별시,중구
빽다방,서울특별시,중구
스타벅스,서울특별시,구로구
스타벅스,서울특별시,성동구
스타벅스,서울특별시,강동구
이디야,서울특별시,강서구
스타벅스,서울특별시,양천구
스타벅스,서울특별시,강남구
스타벅스,서울특별시,용산구
이디야,서울특별시,마포구
커피빈,서울특별시,중구
이디야,서울특별시,중구
이디야,서울특별시,성동구
스타벅스,서울특별시,강남구
스타벅스,서울특별시,용산구
빽다방,서울특별시,도봉구
빽다방,서울특별시,동작구
이디야,서울특별시,관악구
스타벅스,서울특별시,동대문구
빽다방,서울특별시,성동구
커피빈,서울특별시,강동구
빽다방,서울특별시,도봉구
빽다방,서울특별시,강북구
스타벅스,서울특별시,영등포구
스타벅스,서울특별시,영등포구
스타벅스,서울특별시,양천구
스타벅스,서울특별시,성북구
빽다방,서울특별시,성동구
이디야,서울특별시,양천구
이디야,서울특별시,동대문구
커피빈,서울특별시,서초구
빽다방,서울특별시,중랑구
이디야,서울특별시,은평구
빽다방,서울특별시,강북구
빽다방,서울특별시,송파구
스타벅스,서울특별시,종로구
빽다방,서울특별시,중랑구
스타벅스,서울특별시,양천구
이디야,서울특별시,강서구
빽다방,서울특별시,마포구
빽다방,서울특별시,성동구
스타벅스,서울특별시,강남구
빽다방,서울특별시,강동구
빽다방,서울특별시,용산구
빽다방,서울특별시,성동구
스타벅스,서울특별시,광진구
스타벅스,서울특별시,강남구
이디야,서울특별시,구로구
스타벅스,서울특별시,광진구
이디야,서울특별시,중랑구
스타벅스,서울특별시,노원구
이디야,서울특별시,도봉구
이디야,서울특별시,중랑구
스타벅스,서울특별시,용산구
스타벅스,서울특별시,강남구
이디야,서울특별시,중랑구
이디야,서울특별시,도봉구
빽다방,서울특별시,종로구
이디야,서울특별시,영등포구
빽다방,서울특별시,광진구
이디야,서울특별시,금천구
이디야,서울특별시,영등포구
이디야,서울특별시,강북구
빽다방,서울특별시,성동구
빽다방,서울특별시,송파구
빽다방,서울특별시,성북구
빽다방,서울특별시,양천구
빽다방,서울특별시,성북구
빽다방,서울특별시,노원구
빽다방,서울특별시,중랑구
이디야,서울특별시,서대문구
빽다방,서울특별시,성북구
빽다방,서울특별시,중랑구
이디야,서울특별시,동대문구
이디야,서울특별시,영등포구
이디야,서울특별시,영등포구
빽다방,서울특별시,강서구
빽다방,서울특별시,강북구
이디야,서울특별시,도봉구
빽다방,서울특별시,서대문구
빽다방,서울특별시,영등포구
빽다방,서울특별시,도봉구
빽다방,서울특별시,구로구
빽다방,서울특별시,용산구
빽다방,서울특별시,노원구
빽다방,서울특별시,강남구
빽다방,서울특별시,강서구
빽다방,서울특별시,구로구
빽다방,서울특별시,성동구
빽다방,서울특별시,구로구
스타벅스,세종특별자치시,세종특별자치시
스타벅스,세종특별자치시,세종특별자치시
이디야,세종특별자치시,세종특별자치시
이디야,세종특별자치시,세종특별자치시
이디야,세종특별자치시,세종특별자치시
이디야,세종특별자치시,세종특별자치시
이디야,세종특별자치시,세종특별자치시
스타벅스,세종특별자치시,세종특별자치시
이디야,세종특별자치시,세종특별자치시
스타벅스,세종특별자치시,세종특별자치시
이디야,세종특별자치시,세종특별자치시
이디야,세종특별자치시,세종특별자치시
스타벅스,세종특별자치시,세종특별자치시
이디야,세종특별자치시,세종특별자치시
이디야,세종특별자치시,세종특별자치시
스타벅스,세종특별자치시,세종특별자치시
빽다방,세종특별자치시,세종특별자치시
이디야,세종특별자치시,세종특별자치시
이디야,세종특별자치시,세종특별자치시
스타벅스,세종특별자치시,세종특별자치시
빽다방,세종특별자치시,세종특별자치시
이디야,세종특별자치시,세종특별자치시
빽다방,세종특별자치시,세종특별자치시
빽다방,세종특별자치시,세종특별자치시
이디야,세종특별자치시,세종특별자치시
빽다방,세종특별자치시,세종특별자치시
빽다방,세종특별자치시,세종특별자치시
이디야,울산광역시,남구
이디야,울산광역시,남구
이디야,울산광역시,북구
커피빈,울산광역시,남구
이디야,울산광역시,울주군
이디야,울산광역시,동구
이디야,울산광역시,남구
빽다방,울산광역시,남구
이디야,울산광역시,동구
이디야,울산광역시,남구
이디야,울산광역시,울주군
빽다방,울산광역시,남구
스타벅스,울산광역시,북구
스타벅스,울산광역시,남구
빽다방,울산광역시,북구
빽다방,울산광역시,남구
스타벅스,울산광역시,남구
이디야,울산광역시,중구
이디야,울산광역시,동구
스타벅스,울산광역시,동구
이디야,울산광역시,울주군
이디야,울산광역시,북구
이디야,울산광역시,북구
이디야,울산광역시,북구
스타벅스,울산광역시,남구
스타벅스,울산광역시,울주군
이디야,울산광역시,남구
이디야,울산광역시,북구
이디야,울산광역시,울주군
이디야,울산광역시,남구
스타벅스,울산광역시,남구
이디야,울산광역시,중구
이디야,울산광역시,남구
이디야,울산광역시,남구
스타벅스,울산광역시,남구
이디야,울산광역시,울주군
이디야,울산광역시,북구
이디야,울산광역시,남구
이디야,울산광역시,울주군
스타벅스,울산광역시,중구
이디야,울산광역시,남구
이디야,울산광역시,울주군
이디야,울산광역시,남구
이디야,울산광역시,북구
이디야,울산광역시,중구
이디야,울산광역시,남구
이디야,울산광역시,울주군
빽다방,울산광역시,남구
이디야,울산광역시,중구
이디야,울산광역시,중구
스타벅스,울산광역시,남구
이디야,울산광역시,남구
스타벅스,울산광역시,북구
스타벅스,울산광역시,중구
이디야,울산광역시,북구
이디야,울산광역시,남구
스타벅스,울산광역시,중구
이디야,울산광역시,중구
스타벅스,울산광역시,북구
이디야,울산광역시,남구
빽다방,울산광역시,남구
스타벅스,울산광역시,북구
이디야,울산광역시,남구
스타벅스,울산광역시,중구
스타벅스,울산광역시,북구
이디야,울산광역시,울주군
이디야,울산광역시,남구
스타벅스,울산광역시,중구
이디야,울산광역시,동구
이디야,울산광역시,동구
이디야,울산광역시,남구
이디야,울산광역시,중구
스타벅스,울산광역시,남구
빽다방,울산광역시,동구
이디야,울산광역시,중구
이디야,울산광역시,남구
이디야,울산광역시,북구
이디야,울산광역시,남구
이디야,울산광역시,북구
커피빈,울산광역시,중구
스타벅스,울산광역시,중구
이디야,울산광역시,동구
스타벅스,울산광역시,남구
이디야,울산광역시,북구
이디야,울산광역시,남구
이디야,울산광역시,북구
이디야,울산광역시,울주군
이디야,울산광역시,남구
이디야,울산광역시,중구
이디야,울산광역시,남구
이디야,울산광역시,남구
이디야,울산광역시,중구
스타벅스,울산광역시,동구
이디야,울산광역시,중구
스타벅스,울산광역시,남구
이디야,울산광역시,남구
이디야,울산광역시,남구
이디야,울산광역시,중구
스타벅스,울산광역시,남구
스타벅스,울산광역시,남구
이디야,울산광역시,동구
스타벅스,울산광역시,남구
이디야,울산광역시,북구
이디야,울산광역시,북구
스타벅스,울산광역시,남구
스타벅스,울산광역시,남구
빽다방,울산광역시,남구
이디야,울산광역시,남구
이디야,울산광역시,남구
이디야,울산광역시,북구
이디야,울산광역시,남구
이디야,울산광역시,북구
빽다방,울산광역시,남구
이디야,인천광역시,부평구
스타벅스,인천광역시,부평구
커피빈,인천광역시,남동구
이디야,인천광역시,남동구
이디야,인천광역시,남동구
이디야,인천광역시,남동구
스타벅스,인천광역시,부평구
스타벅스,인천광역시,미추홀구
이디야,인천광역시,강화군
스타벅스,인천광역시,동구
이디야,인천광역시,미추홀구
이디야,인천광역시,미추홀구
빽다방,인천광역시,중구
이디야,인천광역시,남동구
스타벅스,인천광역시,연수구
이디야,인천광역시,부평구
스타벅스,인천광역시,부평구
이디야,인천광역시,중구
이디야,인천광역시,계양구
스타벅스,인천광역시,미추홀구
빽다방,인천광역시,남동구
스타벅스,인천광역시,남동구
스타벅스,인천광역시,미추홀구
커피빈,인천광역시,중구
이디야,인천광역시,남동구
이디야,인천광역시,계양구
빽다방,인천광역시,미추홀구
이디야,인천광역시,남동구
이디야,인천광역시,남동구
빽다방,인천광역시,남동구
스타벅스,인천광역시,남동구
스타벅스,인천광역시,남동구
스타벅스,인천광역시,부평구
스타벅스,인천광역시,연수구
스타벅스,인천광역시,서구
빽다방,인천광역시,연수구
스타벅스,인천광역시,부평구
커피빈,인천광역시,중구
이디야,인천광역시,계양구
이디야,인천광역시,남동구
빽다방,인천광역시,계양구
이디야,인천광역시,부평구
이디야,인천광역시,계양구
이디야,인천광역시,서구
빽다방,인천광역시,미추홀구
이디야,인천광역시,부평구
빽다방,인천광역시,남동구
스타벅스,인천광역시,계양구
스타벅스,인천광역시,남동구
이디야,인천광역시,서구
이디야,인천광역시,연수구
스타벅스,인천광역시,중구
스타벅스,인천광역시,중구
이디야,인천광역시,부평구
스타벅스,인천광역시,서구
스타벅스,인천광역시,연수구
빽다방,인천광역시,계양구
이디야,인천광역시,부평구
스타벅스,인천광역시,연수구
스타벅스,인천광역시,계양구
스타벅스,인천광역시,서구
스타벅스,인천광역시,부평구
이디야,인천광역시,중구
이디야,인천광역시,계양구
이디야,인천광역시,연수구
빽다방,인천광역시,연수구
스타벅스,인천광역시,미추홀구
빽다방,인천광역시,남동구
이디야,인천광역시,서구
이디야,인천광역시,서구
이디야,인천광역시,동구
스타벅스,인천광역시,서구
빽다방,인천광역시,남동구
이디야,인천광역시,연수구
이디야,인천광역시,서구
이디야,인천광역시,부평구
이디야,인천광역시,부평구
빽다방,인천광역시,계양구
이디야,인천광역시,계양구
이디야,인천광역시,남동구
커피빈,인천광역시,연수구
빽다방,인천광역시,서구
스타벅스,인천광역시,계양구
이디야,인천광역시,남동구
이디야,인천광역시,미추홀구
이디야,인천광역시,부평구
이디야,인천광역시,연수구
스타벅스,인천광역시,미추홀구
스타벅스,인천광역시,남동구
이디야,인천광역시,서구
스타벅스,인천광역시,옹진군
이디야,인천광역시,서구
빽다방,인천광역시,중구
빽다방,인천광역시,남동구
빽다방,인천광역시,중구
이디야,인천광역시,부평구
이디야,인천광역시,남동구
이디야,인천광역시,부평구
빽다방,인천광역시,남동구
스타벅스,인천광역시,연수구
이디야,인천광역시,계양구
스타벅스,인천광역시,연수구
이디야,인천광역시,부평구
이디야,인천광역시,남동구
이디야,인천광역시,연수구
이디야,인천광역시,중구
이디야,인천광역시,중구
이디야,인천광역시,남동구
이디야,인천광역시,계양구
빽다방,인천광역시,계양구
빽다방,인천광역시,중구
이디야,인천광역시,남동구
스타벅스,인천광역시,서구
이디야,인천광역시,연수구
빽다방,인천광역시,서구
빽다방,인천광역시,연수구
이디야,인천광역시,남동구
커피빈,인천광역시,연수구
빽다방,인천광역시,서구
커피빈,인천광역시,연수구
이디야,인천광역시,연수구
스타벅스,인천광역시,중구
이디야,인천광역시,연수구
이디야,인천광역시,미추홀구
이디야,인천광역시,부평구
스타벅스,인천광역시,중구
이디야,인천광역시,서구
이디야,인천광역시,연수구
빽다방,인천광역시,강화군
이디야,인천광역시,남동구
이디야,인천광역시,연수구
이디야,인천광역시,남동구
스타벅스,인천광역시,남동구
이디야,인천광역시,중구
스타벅스,인천광역시,남동구
빽다방,인천광역시,미추홀구
이디야,인천광역시,부평구
이디야,인천광역시,서구
이디야,인천광역시,남동구
스타벅스,인천광역시,서구
빽다방,인천광역시,연수구
이디야,인천광역시,서구
이디야,인천광역시,부평구
빽다방,인천광역시,연수구
이디야,인천광역시,서구
스타벅스,인천광역시,미추홀구
스타벅스,인천광역시,연수구
빽다방,인천광역시,남동구
이디야,인천광역시,미추홀구
이디야,인천광역시,부평구
이디야,인천광역시,서구
빽다방,인천광역시,서구
빽다방,인천광역시,동구
이디야,인천광역시,중구
스타벅스,인천광역시,부평구
이디야,인천광역시,옹진군
이디야,인천광역시,중구
이디야,인천광역시,연수구
이디야,인천광역시,부평구
스타벅스,인천광역시,연수구
스타벅스,인천광역시,연수구
이디야,인천광역시,미추홀구
이디야,인천광역시,연수구
이디야,인천광역시,옹진군
스타벅스,인천광역시,부평구
이디야,인천광역시,서구
이디야,인천광역시,미추홀구
스타벅스,인천광역시,남동구
스타벅스,인천광역시,연수구
스타벅스,인천광역시,부평구
스타벅스,인천광역시,미추홀구
스타벅스,인천광역시,서구
이디야,인천광역시,연수구
이디야,인천광역시,서구
이디야,인천광역시,부평구
빽다방,인천광역시,중구
이디야,인천광역시,중구
이디야,인천광역시,남동구
빽다방,인천광역시,서구
이디야,인천광역시,부평구
스타벅스,인천광역시,강화군
빽다방,인천광역시,계양구
이디야,인천광역시,남동구
빽다방,인천광역시,계양구
이디야,인천광역시,남동구
이디야,인천광역시,중구
커피빈,인천광역시,연수구
스타벅스,인천광역시,연수구
이디야,인천광역시,중구
이디야,인천광역시,계양구
이디야,인천광역시,서구
스타벅스,인천광역시,연수구
이디야,인천광역시,계양구
이디야,인천광역시,연수구
이디야,인천광역시,미추홀구
스타벅스,인천광역시,남동구
이디야,인천광역시,남동구
스타벅스,인천광역시,미추홀구
이디야,인천광역시,계양구
이디야,인천광역시,계양구
이디야,인천광역시,서구
빽다방,인천광역시,서구
빽다방,인천광역시,부평구
이디야,인천광역시,남동구
이디야,인천광역시,부평구
커피빈,인천광역시,연수구
스타벅스,인천광역시,동구
빽다방,인천광역시,남동구
빽다방,인천광역시,부평구
스타벅스,인천광역시,서구
이디야,인천광역시,서구
이디야,인천광역시,중구
이디야,인천광역시,부평구
이디야,인천광역시,서구
이디야,인천광역시,미추홀구
스타벅스,인천광역시,서구
스타벅스,인천광역시,미추홀구
빽다방,인천광역시,서구
스타벅스,인천광역시,남동구
이디야,인천광역시,남동구
빽다방,인천광역시,중구
이디야,인천광역시,서구
이디야,인천광역시,서구
이디야,인천광역시,서구
빽다방,인천광역시,남동구
커피빈,인천광역시,부평구
이디야,인천광역시,미추홀구
빽다방,인천광역시,서구
이디야,인천광역시,부평구
이디야,인천광역시,남동구
스타벅스,인천광역시,계양구
스타벅스,인천광역시,미추홀구
이디야,인천광역시,연수구
빽다방,인천광역시,서구
스타벅스,인천광역시,연수구
이디야,인천광역시,계양구
이디야,인천광역시,미추홀구
스타벅스,인천광역시,남동구
빽다방,인천광역시,연수구
빽다방,인천광역시,서구
빽다방,인천광역시,서구
이디야,인천광역시,서구
스타벅스,인천광역시,연수구
빽다방,인천광역시,남동구
빽다방,인천광역시,부평구
스타벅스,인천광역시,서구
스타벅스,인천광역시,남동구
빽다방,인천광역시,부평구
빽다방,인천광역시,연수구
빽다방,인천광역시,서구
이디야,인천광역시,미추홀구
빽다방,인천광역시,서구
빽다방,인천광역시,서구
빽다방,인천광역시,서구
이디야,인천광역시,미추홀구
이디야,인천광역시,서구
빽다방,인천광역시,연수구
빽다방,인천광역시,부평구
빽다방,인천광역시,중구
이디야,인천광역시,계양구
빽다방,인천광역시,미추홀구
이디야,인천광역시,남동구
빽다방,인천광역시,서구
빽다방,인천광역시,남동구
빽다방,인천광역시,부평구
빽다방,인천광역시,연수구
빽다방,인천광역시,연수구
이디야,전라남도,광양시
이디야,전라남도,목포시
스타벅스,전라남도,여수시
스타벅스,전라남도,순천시
스타벅스,전라남도,여수시
이디야,전라남도,광양시
이디야,전라남도,무안군
이디야,전라남도,나주시
이디야,전라남도,광양시
이디야,전라남도,광양시
이디야,전라남도,목포시
이디야,전라남도,순천시
스타벅스,전라남도,여수시
스타벅스,전라남도,여수시
스타벅스,전라남도,목포시
이디야,전라남도,여수시
빽다방,전라남도,목포시
이디야,전라남도,해남군
스타벅스,전라남도,목포시
이디야,전라남도,여수시
이디야,전라남도,순천시
이디야,전라남도,목포시
스타벅스,전라남도,목포시
이디야,전라남도,순천시
빽다방,전라남도,여수시
이디야,전라남도,광양시
스타벅스,전라남도,순천시
이디야,전라남도,해남군
이디야,전라남도,장흥군
이디야,전라남도,목포시
이디야,전라남도,순천시
이디야,전라남도,순천시
이디야,전라남도,나주시
이디야,전라남도,영광군
이디야,전라남도,목포시
이디야,전라남도,여수시
이디야,전라남도,광양시
스타벅스,전라남도,여수시
빽다방,전라남도,목포시
이디야,전라남도,순천시
이디야,전라남도,여수시
이디야,전라남도,광양시
빽다방,전라남도,순천시
이디야,전라남도,영암군
이디야,전라남도,여수시
이디야,전라남도,여수시
이디야,전라남도,여수시
이디야,전라남도,순천시
빽다방,전라남도,목포시
이디야,전라남도,순천시
빽다방,전라남도,여수시
빽다방,전라남도,순천시
이디야,전라남도,목포시
이디야,전라남도,순천시
이디야,전라남도,영광군
스타벅스,전라남도,목포시
이디야,전라남도,여수시
빽다방,전라남도,무안군
이디야,전라남도,고흥군
이디야,전라남도,무안군
이디야,전라남도,광양시
빽다방,전라남도,광양시
이디야,전라남도,순천시
스타벅스,전라남도,광양시
이디야,전라남도,여수시
이디야,전라남도,목포시
스타벅스,전라남도,나주시
이디야,전라남도,광양시
빽다방,전라남도,목포시
스타벅스,전라남도,여수시
이디야,전라남도,강진군
이디야,전라남도,목포시
빽다방,전라남도,목포시
빽다방,전라남도,순천시
스타벅스,전라남도,광양시
스타벅스,전라남도,목포시
이디야,전라남도,순천시
스타벅스,전라남도,순천시
이디야,전라남도,여수시
이디야,전라남도,여수시
이디야,전라남도,여수시
이디야,전라남도,완도군
스타벅스,전라남도,진도군
이디야,전라남도,여수시
스타벅스,전라남도,순천시
이디야,전라남도,여수시
이디야,전라남도,순천시
이디야,전라남도,나주시
이디야,전라남도,고흥군
이디야,전라남도,순천시
이디야,전라남도,곡성군
이디야,전라남도,무안군
이디야,전라남도,장성군
빽다방,전라남도,목포시
이디야,전라남도,순천시
이디야,전라남도,순천시
이디야,전라남도,담양군
이디야,전라남도,나주시
이디야,전라남도,여수시
이디야,전라남도,순천시
빽다방,전라남도,목포시
이디야,전라남도,순천시
이디야,전라남도,목포시
이디야,전라남도,영광군
스타벅스,전라남도,여수시
이디야,전라남도,구례군
이디야,전라남도,순천시
이디야,전라남도,여수시
이디야,전라남도,목포시
이디야,전라남도,목포시
스타벅스,전라남도,순천시
이디야,전라남도,화순군
이디야,전라남도,여수시
스타벅스,전라남도,무안군
이디야,전라남도,무안군
스타벅스,전라남도,여수시
빽다방,전라남도,여수시
빽다방,전라남도,목포시
빽다방,전라남도,목포시
빽다방,전라남도,영암군
이디야,전라남도,신안군
빽다방,전라남도,무안군
빽다방,전라남도,화순군
이디야,전라남도,무안군
빽다방,전라남도,나주시
빽다방,전라남도,나주시
빽다방,전라남도,나주시
이디야,전라남도,영암군
이디야,전라남도,함평군
빽다방,전라남도,광양시
이디야,전라남도,여수시
빽다방,전라남도,해남군
이디야,전라남도,순천시
빽다방,전라남도,무안군
이디야,전라북도,전주시 덕진구
빽다방,전라북도,전주시 덕진구
이디야,전라북도,김제시
스타벅스,전라북도,전주시 완산구
스타벅스,전라북도,군산시
이디야,전라북도,익산시
스타벅스,전라북도,전주시 덕진구
이디야,전라북도,정읍시
이디야,전라북도,군산시
스타벅스,전라북도,익산시
이디야,전라북도,전주시 덕진구
빽다방,전라북도,전주시 덕진구
빽다방,전라북도,익산시
스타벅스,전라북도,전주시 완산구
이디야,전라북도,군산시
이디야,전라북도,군산시
스타벅스,전라북도,전주시 덕진구
빽다방,전라북도,김제시
스타벅스,전라북도,전주시 덕진구
이디야,전라북도,전주시 완산구
스타벅스,전라북도,임실군
스타벅스,전라북도,군산시
이디야,전라북도,군산시
이디야,전라북도,익산시
이디야,전라북도,전주시 덕진구
이디야,전라북도,전주시 덕진구
이디야,전라북도,전주시 완산구
이디야,전라북도,전주시 덕진구
이디야,전라북도,완주군
스타벅스,전라북도,전주시 완산구
스타벅스,전라북도,익산시
이디야,전라북도,전주시 완산구
이디야,전라북도,익산시
이디야,전라북도,진안군
이디야,전라북도,고창군
빽다방,전라북도,전주시 덕진구
이디야,전라북도,군산시
이디야,전라북도,장수군
이디야,전라북도,전주시 완산구
이디야,전라북도,군산시
이디야,전라북도,부안군
이디야,전라북도,익산시
이디야,전라북도,전주시 덕진구
이디야,전라북도,전주시 덕진구
이디야,전라북도,전주시 덕진구
이디야,전라북도,전주시 완산구
스타벅스,전라북도,익산시
이디야,전라북도,전주시 완산구
이디야,전라북도,전주시 덕진구
빽다방,전라북도,익산시
이디야,전라북도,남원시
빽다방,전라북도,전주시 덕진구
이디야,전라북도,익산시
커피빈,전라북도,전주시 완산구
스타벅스,전라북도,전주시 덕진구
이디야,전라북도,무주군
이디야,전라북도,전주시 덕진구
이디야,전라북도,임실군
빽다방,전라북도,전주시 완산구
스타벅스,전라북도,전주시 완산구
이디야,전라북도,전주시 완산구
이디야,전라북도,전주시 덕진구
빽다방,전라북도,정읍시
이디야,전라북도,순창군
스타벅스,전라북도,전주시 덕진구
이디야,전라북도,부안군
이디야,전라북도,전주시 완산구
이디야,전라북도,완주군
스타벅스,전라북도,전주시 덕진구
빽다방,전라북도,남원시
이디야,전라북도,전주시 완산구
이디야,전라북도,부안군
빽다방,전라북도,전주시 완산구
스타벅스,전라북도,익산시
이디야,전라북도,익산시
이디야,전라북도,전주시 완산구
이디야,전라북도,전주시 덕진구
이디야,전라북도,완주군
이디야,전라북도,전주시 덕진구
이디야,전라북도,군산시
스타벅스,전라북도,전주시 완산구
빽다방,전라북도,전주시 완산구
스타벅스,전라북도,전주시 완산구
이디야,전라북도,완주군
이디야,전라북도,부안군
이디야,전라북도,정읍시
이디야,전라북도,전주시 완산구
스타벅스,전라북도,부안군
스타벅스,전라북도,전주시 완산구
이디야,전라북도,전주시 덕진구
스타벅스,전라북도,전주시 완산구
스타벅스,전라북도,전주시 완산구
스타벅스,전라북도,군산시
이디야,전라북도,전주시 덕진구
스타벅스,전라북도,전주시 완산구
이디야,전라북도,군산시
이디야,전라북도,전주시 완산구
이디야,전라북도,익산시
빽다방,전라북도,전주시 덕진구
이디야,전라북도,전주시 덕진구
이디야,전라북도,전주시 덕진구
이디야,전라북도,익산시
빽다방,전라북도,고창군
이디야,전라북도,전주시 덕진구
빽다방,전라북도,전주시 덕진구
빽다방,전라북도,부안군
빽다방,전라북도,전주시 덕진구
스타벅스,전라북도,군산시
빽다방,전라북도,정읍시
빽다방,전라북도,익산시
이디야,전라북도,전주시 덕진구
빽다방,전라북도,군산시
빽다방,전라북도,진안군
빽다방,전라북도,전주시 완산구
이디야,전라북도,전주시 완산구
빽다방,전라북도,전주시 완산구
빽다방,전라북도,전주시 완산구
빽다방,전라북도,전주시 완산구
이디야,전라북도,전주시 덕진구
빽다방,전라북도,전주시 덕진구
빽다방,전라북도,전주시 덕진구
이디야,전라북도,전주시 완산구
빽다방,전라북도,전주시 완산구
스타벅스,제주특별자치도,서귀포시
빽다방,제주특별자치도,서귀포시
스타벅스,제주특별자치도,서귀포시
스타벅스,제주특별자치도,제주시
이디야,제주특별자치도,서귀포시
빽다방,제주특별자치도,제주시
스타벅스,제주특별자치도,제주시
스타벅스,제주특별자치도,제주시
스타벅스,제주특별자치도,제주시
스타벅스,제주특별자치도,제주시
빽다방,제주특별자치도,제주시
스타벅스,제주특별자치도,제주시
스타벅스,제주특별자치도,제주시
이디야,제주특별자치도,제주시
스타벅스,제주특별자치도,서귀포시
스타벅스,제주특별자치도,서귀포시
스타벅스,제주특별자치도,서귀포시
이디야,제주특별자치도,제주시
스타벅스,제주특별자치도,서귀포시
이디야,제주특별자치도,제주시
스타벅스,제주특별자치도,제주시
스타벅스,제주특별자치도,제주시
빽다방,제주특별자치도,서귀포시
이디야,제주특별자치도,제주시
이디야,제주특별자치도,제주시
스타벅스,제주특별자치도,제주시
이디야,제주특별자치도,서귀포시
스타벅스,제주특별자치도,서귀포시
스타벅스,제주특별자치도,제주시
스타벅스,제주특별자치도,제주시
빽다방,제주특별자치도,서귀포시
빽다방,제주특별자치도,제주시
스타벅스,제주특별자치도,제주시
이디야,제주특별자치도,서귀포시
빽다방,제주특별자치도,서귀포시
빽다방,제주특별자치도,제주시
이디야,제주특별자치도,제주시
이디야,제주특별자치도,서귀포시
스타벅스,제주특별자치도,서귀포시
스타벅스,제주특별자치도,서귀포시
이디야,제주특별자치도,제주시
빽다방,제주특별자치도,서귀포시
빽다방,제주특별자치도,서귀포시
빽다방,제주특별자치도,제주시
스타벅스,제주특별자치도,제주시
커피빈,제주특별자치도,제주시
이디야,제주특별자치도,서귀포시
스타벅스,제주특별자치도,서귀포시
이디야,제주특별자치도,서귀포시
스타벅스,제주특별자치도,제주시
이디야,제주특별자치도,서귀포시
빽다방,제주특별자치도,서귀포시
빽다방,제주특별자치도,제주시
빽다방,제주특별자치도,서귀포시
커피빈,제주특별자치도,제주시
이디야,제주특별자치도,제주시
빽다방,제주특별자치도,제주시
빽다방,제주특별자치도,제주시
이디야,제주특별자치도,제주시
이디야,제주특별자치도,제주시
빽다방,제주특별자치도,제주시
이디야,제주특별자치도,제주시
빽다방,제주특별자치도,서귀포시
빽다방,제주특별자치도,제주시
빽다방,충청남도,보령시
빽다방,충청남도,홍성군
이디야,충청남도,서산시
스타벅스,충청남도,천안시 서북구
이디야,충청남도,서산시
이디야,충청남도,홍성군
스타벅스,충청남도,천안시 동남구
스타벅스,충청남도,공주시
이디야,충청남도,당진시
스타벅스,충청남도,천안시 서북구
스타벅스,충청남도,천안시 동남구
이디야,충청남도,보령시
이디야,충청남도,태안군
스타벅스,충청남도,천안시 동남구
스타벅스,충청남도,천안시 동남구
이디야,충청남도,천안시 동남구
빽다방,충청남도,공주시
빽다방,충청남도,천안시 서북구
이디야,충청남도,공주시
빽다방,충청남도,아산시
빽다방,충청남도,천안시 서북구
이디야,충청남도,천안시 서북구
이디야,충청남도,천안시 서북구
스타벅스,충청남도,천안시 서북구
이디야,충청남도,아산시
이디야,충청남도,서산시
스타벅스,충청남도,보령시
스타벅스,충청남도,당진시
스타벅스,충청남도,천안시 서북구
스타벅스,충청남도,아산시
스타벅스,충청남도,천안시 서북구
빽다방,충청남도,천안시 동남구
빽다방,충청남도,천안시 서북구
빽다방,충청남도,천안시 동남구
스타벅스,충청남도,천안시 서북구
스타벅스,충청남도,천안시 서북구
스타벅스,충청남도,아산시
이디야,충청남도,공주시
빽다방,충청남도,당진시
이디야,충청남도,논산시
이디야,충청남도,천안시 서북구
이디야,충청남도,아산시
이디야,충청남도,서산시
이디야,충청남도,금산군
이디야,충청남도,아산시
이디야,충청남도,천안시 동남구
빽다방,충청남도,아산시
이디야,충청남도,아산시
이디야,충청남도,당진시
이디야,충청남도,예산군
이디야,충청남도,천안시 서북구
이디야,충청남도,천안시 서북구
이디야,충청남도,천안시 서북구
이디야,충청남도,부여군
이디야,충청남도,천안시 동남구
이디야,충청남도,천안시 서북구
이디야,충청남도,서산시
이디야,충청남도,당진시
이디야,충청남도,천안시 동남구
이디야,충청남도,천안시 서북구
빽다방,충청남도,천안시 서북구
스타벅스,충청남도,서산시
이디야,충청남도,당진시
이디야,충청남도,예산군
이디야,충청남도,논산시
스타벅스,충청남도,천안시 서북구
빽다방,충청남도,천안시 동남구
빽다방,충청남도,당진시
빽다방,충청남도,아산시
스타벅스,충청남도,천안시 동남구
커피빈,충청남도,천안시 동남구
빽다방,충청남도,천안시 서북구
스타벅스,충청남도,천안시 서북구
이디야,충청남도,천안시 서북구
스타벅스,충청남도,서천군
이디야,충청남도,아산시
이디야,충청남도,서천군
빽다방,충청남도,예산군
이디야,충청남도,천안시 서북구
이디야,충청남도,서천군
스타벅스,충청남도,천안시 서북구
이디야,충청남도,아산시
스타벅스,충청남도,논산시
스타벅스,충청남도,천안시 서북구
스타벅스,충청남도,아산시
스타벅스,충청남도,예산군
스타벅스,충청남도,당진시
스타벅스,충청남도,공주시
스타벅스,충청남도,아산시
스타벅스,충청남도,서산시
이디야,충청남도,태안군
이디야,충청남도,공주시
스타벅스,충청남도,천안시 서북구
스타벅스,충청남도,청양군
이디야,충청남도,천안시 서북구
이디야,충청남도,서산시
이디야,충청남도,천안시 동남구
이디야,충청남도,공주시
빽다방,충청남도,홍성군
커피빈,충청남도,금산군
빽다방,충청남도,천안시 서북구
빽다방,충청남도,서산시
스타벅스,충청남도,계룡시
이디야,충청남도,천안시 동남구
스타벅스,충청남도,서산시
이디야,충청남도,부여군
이디야,충청남도,당진시
이디야,충청남도,예산군
이디야,충청남도,서산시
빽다방,충청남도,천안시 동남구
스타벅스,충청남도,아산시
이디야,충청남도,서산시
빽다방,충청남도,태안군
빽다방,충청남도,천안시 서북구
이디야,충청남도,당진시
스타벅스,충청남도,논산시
이디야,충청남도,천안시 서북구
빽다방,충청남도,논산시
스타벅스,충청남도,서천군
이디야,충청남도,아산시
빽다방,충청남도,아산시
빽다방,충청남도,천안시 서북구
이디야,충청남도,천안시 서북구
이디야,충청남도,천안시 서북구
이디야,충청남도,당진시
빽다방,충청남도,아산시
빽다방,충청남도,아산시
이디야,충청남도,아산시
빽다방,충청남도,아산시
빽다방,충청남도,당진시
빽다방,충청남도,홍성군
스타벅스,충청남도,천안시 서북구
빽다방,충청남도,아산시
빽다방,충청남도,천안시 서북구
빽다방,충청남도,천안시 동남구
이디야,충청남도,청양군
이디야,충청남도,천안시 서북구
빽다방,충청남도,천안시 동남구
이디야,충청남도,홍성군
빽다방,충청남도,천안시 동남구
빽다방,충청남도,금산군
빽다방,충청남도,천안시 서북구
이디야,충청남도,아산시
빽다방,충청남도,아산시
빽다방,충청남도,천안시 서북구
스타벅스,충청북도,청주시 서원구
이디야,충청북도,음성군
스타벅스,충청북도,청주시 흥덕구
이디야,충청북도,단양군
이디야,충청북도,진천군
이디야,충청북도,음성군
커피빈,충청북도,청주시 상당구
이디야,충청북도,청주시 청원구
이디야,충청북도,청주시 서원구
이디야,충청북도,영동군
이디야,충청북도,충주시
스타벅스,충청북도,청주시 청원구
이디야,충청북도,제천시
이디야,충청북도,청주시 상당구
스타벅스,충청북도,청주시 흥덕구
이디야,충청북도,진천군
이디야,충청북도,청주시 청원구
이디야,충청북도,청주시 상당구
이디야,충청북도,증평군
스타벅스,충청북도,청주시 상당구
스타벅스,충청북도,청주시 청원구
이디야,충청북도,충주시
이디야,충청북도,청주시 상당구
이디야,충청북도,청주시 청원구
이디야,충청북도,청주시 서원구
이디야,충청북도,제천시
스타벅스,충청북도,충주시
스타벅스,충청북도,음성군
스타벅스,충청북도,증평군
이디야,충청북도,제천시
스타벅스,충청북도,청주시 서원구
이디야,충청북도,청주시 흥덕구
스타벅스,충청북도,청주시 흥덕구
빽다방,충청북도,청주시 상당구
빽다방,충청북도,청주시 흥덕구
스타벅스,충청북도,보은군
스타벅스,충청북도,청주시 상당구
이디야,충청북도,괴산군
이디야,충청북도,청주시 흥덕구
빽다방,충청북도,청주시 서원구
이디야,충청북도,충주시
이디야,충청북도,청주시 흥덕구
이디야,충청북도,청주시 흥덕구
이디야,충청북도,청주시 흥덕구
이디야,충청북도,청주시 흥덕구
스타벅스,충청북도,청주시 흥덕구
빽다방,충청북도,청주시 흥덕구
이디야,충청북도,청주시 흥덕구
이디야,충청북도,제천시
이디야,충청북도,청주시 청원구
이디야,충청북도,제천시
스타벅스,충청북도,청주시 흥덕구
이디야,충청북도,청주시 청원구
커피빈,충청북도,제천시
이디야,충청북도,청주시 흥덕구
이디야,충청북도,제천시
이디야,충청북도,청주시 흥덕구
빽다방,충청북도,영동군
이디야,충청북도,청주시 흥덕구
빽다방,충청북도,청주시 흥덕구
스타벅스,충청북도,청주시 상당구
이디야,충청북도,청주시 흥덕구
이디야,충청북도,청주시 서원구
스타벅스,충청북도,충주시
이디야,충청북도,진천군
이디야,충청북도,충주시
스타벅스,충청북도,청주시 상당구
이디야,충청북도,청주시 서원구
이디야,충청북도,청주시 상당구
이디야,충청북도,보은군
빽다방,충청북도,옥천군
이디야,충청북도,청주시 상당구
스타벅스,충청북도,청주시 흥덕구
이디야,충청북도,괴산군
스타벅스,충청북도,청주시 흥덕구
이디야,충청북도,증평군
스타벅스,충청북도,청주시 서원구
스타벅스,충청북도,청주시 흥덕구
이디야,충청북도,청주시 흥덕구
이디야,충청북도,청주시 청원구
스타벅스,충청북도,충주시
이디야,충청북도,청주시 상당구
빽다방,충청북도,충주시
빽다방,충청북도,청주시 서원구
이디야,충청북도,청주시 흥덕구
이디야,충청북도,청주시 흥덕구
빽다방,충청북도,청주시 청원구
스타벅스,충청북도,제천시
이디야,충청북도,청주시 청원구
빽다방,충청북도,청주시 서원구
이디야,충청북도,진천군
이디야,충청북도,청주시 서원구
이디야,충청북도,음성군
스타벅스,충청북도,청주시 서원구
스타벅스,충청북도,청주시 청원구
이디야,충청북도,청주시 청원구
이디야,충청북도,옥천군
이디야,충청북도,청주시 흥덕구
이디야,충청북도,충주시
이디야,충청북도,청주시 흥덕구
스타벅스,충청북도,충주시
이디야,충청북도,제천시
이디야,충청북도,청주시 흥덕구
이디야,충청북도,청주시 서원구
스타벅스,충청북도,음성군
이디야,충청북도,증평군
빽다방,충청북도,청주시 서원구
이디야,충청북도,제천시
빽다방,충청북도,청주시 흥덕구
이디야,충청북도,충주시
빽다방,충청북도,진천군
이디야,충청북도,청주시 상당구
빽다방,충청북도,증평군
이디야,충청북도,충주시
이디야,충청북도,충주시
빽다방,충청북도,청주시 청원구
빽다방,충청북도,청주시 청원구
빽다방,충청북도,충주시
빽다방,충청북도,청주시 흥덕구
빽다방,충청북도,청주시 서원구
빽다방,충청북도,청주시 청원구
빽다방,충청북도,청주시 상당구
빽다방,충청북도,진천군
스타벅스,충청북도,제천시
이디야,충청북도,청주시 상당구
빽다방,충청북도,청주시 흥덕구
이디야,충청북도,제천시
이디야,충청북도,청주시 서원구
빽다방,충청북도,청주시 청원구
이디야,충청북도,증평군
빽다방,충청북도,보은군
